-- phpMyAdmin SQL Dump
-- version 5.1.1
-- https://www.phpmyadmin.net/
--
-- Host: localhost:3306
-- Generation Time: Dec 15, 2022 at 02:11 PM
-- Server version: 10.4.22-MariaDB
-- PHP Version: 7.4.27

SET SQL_MODE = "NO_AUTO_VALUE_ON_ZERO";
START TRANSACTION;
SET time_zone = "+00:00";


/*!40101 SET @OLD_CHARACTER_SET_CLIENT=@@CHARACTER_SET_CLIENT */;
/*!40101 SET @OLD_CHARACTER_SET_RESULTS=@@CHARACTER_SET_RESULTS */;
/*!40101 SET @OLD_COLLATION_CONNECTION=@@COLLATION_CONNECTION */;
/*!40101 SET NAMES utf8mb4 */;

--
-- Database: `eapi`
--

-- --------------------------------------------------------

--
-- Table structure for table `failed_jobs`
--

CREATE TABLE `failed_jobs` (
  `id` bigint(20) UNSIGNED NOT NULL,
  `uuid` varchar(255) COLLATE utf8mb4_unicode_ci NOT NULL,
  `connection` text COLLATE utf8mb4_unicode_ci NOT NULL,
  `queue` text COLLATE utf8mb4_unicode_ci NOT NULL,
  `payload` longtext COLLATE utf8mb4_unicode_ci NOT NULL,
  `exception` longtext COLLATE utf8mb4_unicode_ci NOT NULL,
  `failed_at` timestamp NOT NULL DEFAULT current_timestamp()
) ENGINE=InnoDB DEFAULT CHARSET=utf8mb4 COLLATE=utf8mb4_unicode_ci;

-- --------------------------------------------------------

--
-- Table structure for table `migrations`
--

CREATE TABLE `migrations` (
  `id` int(10) UNSIGNED NOT NULL,
  `migration` varchar(255) COLLATE utf8mb4_unicode_ci NOT NULL,
  `batch` int(11) NOT NULL
) ENGINE=InnoDB DEFAULT CHARSET=utf8mb4 COLLATE=utf8mb4_unicode_ci;

--
-- Dumping data for table `migrations`
--

INSERT INTO `migrations` (`id`, `migration`, `batch`) VALUES
(1, '2014_10_12_000000_create_users_table', 1),
(2, '2014_10_12_100000_create_password_resets_table', 1),
(3, '2019_08_19_000000_create_failed_jobs_table', 1),
(4, '2019_12_14_000001_create_personal_access_tokens_table', 1),
(5, '2022_12_08_140958_create_products_table', 1),
(6, '2022_12_08_142049_create_reviews_table', 1);

-- --------------------------------------------------------

--
-- Table structure for table `password_resets`
--

CREATE TABLE `password_resets` (
  `email` varchar(255) COLLATE utf8mb4_unicode_ci NOT NULL,
  `token` varchar(255) COLLATE utf8mb4_unicode_ci NOT NULL,
  `created_at` timestamp NULL DEFAULT NULL
) ENGINE=InnoDB DEFAULT CHARSET=utf8mb4 COLLATE=utf8mb4_unicode_ci;

-- --------------------------------------------------------

--
-- Table structure for table `personal_access_tokens`
--

CREATE TABLE `personal_access_tokens` (
  `id` bigint(20) UNSIGNED NOT NULL,
  `tokenable_type` varchar(255) COLLATE utf8mb4_unicode_ci NOT NULL,
  `tokenable_id` bigint(20) UNSIGNED NOT NULL,
  `name` varchar(255) COLLATE utf8mb4_unicode_ci NOT NULL,
  `token` varchar(64) COLLATE utf8mb4_unicode_ci NOT NULL,
  `abilities` text COLLATE utf8mb4_unicode_ci DEFAULT NULL,
  `last_used_at` timestamp NULL DEFAULT NULL,
  `created_at` timestamp NULL DEFAULT NULL,
  `updated_at` timestamp NULL DEFAULT NULL
) ENGINE=InnoDB DEFAULT CHARSET=utf8mb4 COLLATE=utf8mb4_unicode_ci;

-- --------------------------------------------------------

--
-- Table structure for table `products`
--

CREATE TABLE `products` (
  `id` int(10) UNSIGNED NOT NULL,
  `created_at` timestamp NULL DEFAULT NULL,
  `updated_at` timestamp NULL DEFAULT NULL,
  `name` varchar(255) COLLATE utf8mb4_unicode_ci NOT NULL,
  `detail` text COLLATE utf8mb4_unicode_ci NOT NULL,
  `price` int(11) NOT NULL,
  `discount` int(11) NOT NULL,
  `stock` varchar(255) COLLATE utf8mb4_unicode_ci NOT NULL
) ENGINE=InnoDB DEFAULT CHARSET=utf8mb4 COLLATE=utf8mb4_unicode_ci;

--
-- Dumping data for table `products`
--

INSERT INTO `products` (`id`, `created_at`, `updated_at`, `name`, `detail`, `price`, `discount`, `stock`) VALUES
(1, '2022-12-15 08:18:55', '2022-12-15 08:18:55', 'totam', 'Voluptatum aut deleniti quasi sequi enim. Itaque occaecati voluptatum nesciunt maxime dolor unde. Eligendi voluptatem tempora ad quis.', 559, 2, '9'),
(2, '2022-12-15 08:18:55', '2022-12-15 08:18:55', 'tempore', 'Molestiae rerum perferendis aut est adipisci. Voluptates impedit et explicabo dicta facere dicta blanditiis. Dolor eius iste fuga quam illum dolor sit.', 391, 3, '2'),
(3, '2022-12-15 08:18:55', '2022-12-15 08:18:55', 'repellat', 'Nobis qui unde velit accusantium ab. Aperiam adipisci sit qui maxime aut. Sit vel ut consectetur consequatur nulla. Harum officiis ut excepturi id unde iusto.', 247, 3, '8'),
(4, '2022-12-15 08:18:55', '2022-12-15 08:18:55', 'aut', 'Mollitia deleniti error sed veniam. Molestiae perferendis debitis porro ea soluta. Minus sapiente accusantium sint consectetur accusamus. Illo optio at odit nihil.', 882, 2, '2'),
(5, '2022-12-15 08:18:55', '2022-12-15 08:18:55', 'quaerat', 'Et alias sint facere saepe placeat. Est doloribus qui consectetur inventore. Ad quaerat corrupti explicabo inventore nihil. Repellendus id maxime sapiente voluptatem.', 817, 2, '7'),
(6, '2022-12-15 08:18:55', '2022-12-15 08:18:55', 'animi', 'Libero quis ex incidunt optio. Unde rem nostrum eius dolore cum eos voluptatum.', 762, 3, '5'),
(7, '2022-12-15 08:18:55', '2022-12-15 08:18:55', 'aspernatur', 'Quaerat error reprehenderit dolorem reiciendis eaque et. Eveniet et perferendis exercitationem natus placeat aut. Et mollitia et eum voluptas ut beatae.', 859, 3, '4'),
(8, '2022-12-15 08:18:55', '2022-12-15 08:18:55', 'nobis', 'Culpa et ex veniam rerum aliquid nam omnis. Id est nesciunt deserunt. Deleniti maiores qui voluptatem et et eum explicabo. Consequuntur voluptas et autem harum aut sunt.', 759, 3, '7'),
(9, '2022-12-15 08:18:56', '2022-12-15 08:18:56', 'reprehenderit', 'Officiis neque dolorum voluptatem sunt. Nam qui qui magni odit nam. Iste id voluptas dolor ea excepturi. Cupiditate dolores sequi laboriosam commodi et non ullam.', 850, 2, '6'),
(10, '2022-12-15 08:18:56', '2022-12-15 08:18:56', 'quibusdam', 'Natus omnis inventore possimus sed sint ea. Ratione voluptatem quo ipsum ullam. Placeat velit commodi iste. Qui enim et quod eum dolore.', 886, 2, '3'),
(11, '2022-12-15 08:18:56', '2022-12-15 08:18:56', 'optio', 'At blanditiis ea iste fugiat iste repudiandae reiciendis. Magni dolores maiores a labore corporis molestiae adipisci. Numquam quaerat et ullam. Dolores neque sequi assumenda non nostrum. Maiores recusandae optio quia quis ut repellendus deleniti reiciendis.', 357, 3, '1'),
(12, '2022-12-15 08:18:56', '2022-12-15 08:18:56', 'accusantium', 'Vel et id doloremque cupiditate ad. Et est doloremque culpa tempore qui. Odit non non qui quis. Nihil officia temporibus voluptatem mollitia nobis natus error. Quis illo voluptatem rerum temporibus nostrum expedita ut.', 468, 3, '6'),
(13, '2022-12-15 08:18:56', '2022-12-15 08:18:56', 'nulla', 'Omnis aspernatur ipsam veritatis placeat assumenda omnis nostrum similique. Quia omnis quia sed inventore soluta. Amet aut adipisci ea id unde.', 214, 3, '4'),
(14, '2022-12-15 08:18:56', '2022-12-15 08:18:56', 'numquam', 'Molestiae debitis voluptas repellat qui nemo facilis deleniti tempora. Et distinctio explicabo molestiae enim maxime. Quia laudantium ut natus temporibus fugit voluptates.', 233, 3, '4'),
(15, '2022-12-15 08:18:56', '2022-12-15 08:18:56', 'deleniti', 'Vel voluptate possimus provident recusandae ab. Dolores dolor corporis labore maiores et asperiores. Eos aut assumenda laborum non perferendis qui possimus at. Voluptates est quia ut ducimus qui impedit totam.', 932, 3, '5'),
(16, '2022-12-15 08:18:56', '2022-12-15 08:18:56', 'cum', 'Fuga et veniam corrupti aut enim. Inventore sit rem alias illo dolores eum sunt. Quos amet alias nihil nisi omnis mollitia aut. Nam illum rerum dolorem harum doloribus minus voluptatum.', 239, 2, '5'),
(17, '2022-12-15 08:18:56', '2022-12-15 08:18:56', 'voluptatibus', 'Quaerat vitae molestias aliquam laudantium consequuntur. Nihil ea cum ducimus qui voluptatum est. Ut nihil et at a ullam. Aliquam quia veritatis ut voluptas debitis eveniet eius.', 149, 3, '9'),
(18, '2022-12-15 08:18:56', '2022-12-15 08:18:56', 'exercitationem', 'Quibusdam iste quaerat expedita dolorem magni. Et maxime voluptates deleniti eum animi cum. Cum repellat odio repellendus dolores repellendus praesentium culpa aliquam. Omnis sit quia distinctio eos impedit. Qui eveniet ut unde repudiandae placeat dolores reiciendis.', 740, 3, '5'),
(19, '2022-12-15 08:18:56', '2022-12-15 08:18:56', 'numquam', 'Velit temporibus impedit quasi exercitationem. Omnis praesentium accusamus temporibus quos ea. Qui fuga commodi culpa sequi. Saepe beatae sed nam.', 564, 2, '6'),
(20, '2022-12-15 08:18:56', '2022-12-15 08:18:56', 'culpa', 'Qui animi provident qui praesentium inventore a recusandae. Laboriosam odit illum corrupti dolores sequi reiciendis itaque ad. Cupiditate ut et reiciendis culpa ipsum sed numquam. Sapiente veritatis quos minima eaque.', 561, 3, '2'),
(21, '2022-12-15 08:18:56', '2022-12-15 08:18:56', 'officia', 'Veniam necessitatibus itaque explicabo et aliquam eum sint. Corrupti qui laboriosam ullam iste exercitationem. Veritatis libero officiis illum hic cum blanditiis rerum.', 253, 3, '4'),
(22, '2022-12-15 08:18:56', '2022-12-15 08:18:56', 'debitis', 'Ipsam quo ratione voluptas ducimus eos ab corporis eum. Et aut molestiae perferendis cumque commodi qui odio iure. Quo dignissimos ea et consequatur doloribus a.', 112, 2, '9'),
(23, '2022-12-15 08:18:56', '2022-12-15 08:18:56', 'quos', 'Corrupti tempora rerum vel rerum qui et. Nihil perferendis aperiam eum culpa eum. Laudantium dolore tempora eos et.', 636, 2, '0'),
(24, '2022-12-15 08:18:56', '2022-12-15 08:18:56', 'ut', 'Rerum facilis et dolore totam quia pariatur. A eius esse quia nam molestias. Reprehenderit deleniti dicta inventore nesciunt veniam.', 142, 3, '4'),
(25, '2022-12-15 08:18:57', '2022-12-15 08:18:57', 'similique', 'Perferendis voluptatem doloribus harum doloribus. Facere et voluptatibus possimus accusamus. Aut expedita iusto quos sint. Mollitia praesentium temporibus vel eum magni reprehenderit quia asperiores.', 439, 3, '5'),
(26, '2022-12-15 08:18:57', '2022-12-15 08:18:57', 'culpa', 'Voluptas quia quo delectus soluta. Totam cupiditate eveniet facilis ipsa inventore sit veritatis. Vitae dicta ducimus consequatur culpa assumenda quidem perspiciatis. Aperiam possimus accusamus deleniti soluta ab.', 447, 2, '0'),
(27, '2022-12-15 08:18:57', '2022-12-15 08:18:57', 'reprehenderit', 'Ratione enim tempora at voluptas qui cumque. Quasi quia accusantium recusandae sint quisquam. Ipsam omnis ut qui quia molestiae quisquam omnis.', 663, 2, '5'),
(28, '2022-12-15 08:18:57', '2022-12-15 08:18:57', 'impedit', 'Hic et ut repellendus dolore architecto. Minus mollitia et itaque et rerum facere. Qui quaerat ea qui rerum esse necessitatibus. Architecto earum nemo recusandae et enim.', 762, 2, '2'),
(29, '2022-12-15 08:18:57', '2022-12-15 08:18:57', 'nemo', 'Omnis voluptas est dolorum illo rerum quibusdam nihil. Et harum et dignissimos. Ut illum voluptates minus nulla quia ut corrupti.', 488, 3, '8'),
(30, '2022-12-15 08:18:57', '2022-12-15 08:18:57', 'rerum', 'Molestias cum ut doloribus rerum molestiae. Ut deserunt quis exercitationem at iure. Dolores autem explicabo illum possimus illum sed eius culpa. Sint rerum autem id odit.', 697, 2, '0'),
(31, '2022-12-15 08:18:57', '2022-12-15 08:18:57', 'aspernatur', 'In reprehenderit voluptas ea architecto accusantium non voluptatem. Doloremque et vero tenetur incidunt numquam.', 340, 2, '0'),
(32, '2022-12-15 08:18:57', '2022-12-15 08:18:57', 'dolor', 'Nihil ad itaque non sed officia. Tenetur iste qui enim perferendis magni occaecati. Et doloribus eaque voluptatem debitis cum perspiciatis. Eum enim saepe quod et culpa.', 238, 2, '0'),
(33, '2022-12-15 08:18:57', '2022-12-15 08:18:57', 'molestiae', 'Qui expedita sed nulla occaecati ea. Quo consequatur facilis velit mollitia aut. Atque libero dignissimos et iure perspiciatis. Odio vel aut sed possimus exercitationem molestiae deleniti. Libero repellat excepturi exercitationem unde corporis.', 370, 2, '9'),
(34, '2022-12-15 08:18:57', '2022-12-15 08:18:57', 'magni', 'Dolorum inventore harum nemo facere non dolores numquam. In et vitae voluptates non. Enim iusto molestiae dicta et omnis omnis a. Commodi omnis nobis quia porro libero.', 336, 2, '2'),
(35, '2022-12-15 08:18:57', '2022-12-15 08:18:57', 'quia', 'Nam optio nulla quo excepturi aut unde quasi. Error qui iusto placeat ex dolore. Eaque beatae ut eaque quibusdam.', 709, 3, '5'),
(36, '2022-12-15 08:18:57', '2022-12-15 08:18:57', 'maxime', 'Dolores fugit doloribus quam voluptatem esse qui et. Facere est aut mollitia sunt vitae sit. Rerum sequi illo aut quos rerum nam.', 401, 3, '7'),
(37, '2022-12-15 08:18:57', '2022-12-15 08:18:57', 'est', 'Optio ad eum dolorum nostrum placeat saepe eligendi velit. Veniam eos dolore omnis similique. Consequatur nobis harum aliquam aut.', 731, 2, '2'),
(38, '2022-12-15 08:18:57', '2022-12-15 08:18:57', 'enim', 'Autem dolorem qui qui. Deleniti ut accusantium eligendi ratione nam. Iste quod adipisci consequatur qui velit earum porro.', 360, 2, '1'),
(39, '2022-12-15 08:18:57', '2022-12-15 08:18:57', 'et', 'Esse consectetur quis fugit sed quia sit fugiat esse. Non ab impedit omnis labore voluptatum. Facilis sapiente repellendus commodi dolores repudiandae temporibus. Et incidunt eius sit quibusdam nisi aut reprehenderit.', 841, 2, '1'),
(40, '2022-12-15 08:18:57', '2022-12-15 08:18:57', 'ex', 'Excepturi non perspiciatis eveniet omnis voluptatem quidem dolores quas. Culpa suscipit eaque aliquid impedit. Atque dignissimos ea voluptatibus officiis.', 841, 3, '7'),
(41, '2022-12-15 08:18:57', '2022-12-15 08:18:57', 'dolores', 'Quasi rerum eveniet est quia odio. Consequuntur rem totam unde excepturi et voluptas ad. Ratione unde qui nobis.', 334, 3, '0'),
(42, '2022-12-15 08:18:57', '2022-12-15 08:18:57', 'non', 'Voluptatem voluptates sit quia quaerat totam nesciunt. Minus neque quaerat quas. Sint illo ut consequatur eum consequuntur rerum.', 176, 2, '5'),
(43, '2022-12-15 08:18:57', '2022-12-15 08:18:57', 'sed', 'Aperiam natus id est repellat rerum. Rerum odit sit et aut autem et. Repellat ut inventore sint itaque.', 462, 3, '7'),
(44, '2022-12-15 08:18:57', '2022-12-15 08:18:57', 'sint', 'Fuga praesentium sequi tempore architecto ex et et. Commodi occaecati eos eos assumenda. Non in ipsa iure quis.', 558, 2, '9'),
(45, '2022-12-15 08:18:57', '2022-12-15 08:18:57', 'deleniti', 'Corporis fugiat quam ratione quos qui laboriosam dicta. Mollitia voluptates provident aliquam consequuntur sit a. Voluptates minima hic velit quasi est. Iure eos aut sed tempora et impedit sint. Doloremque sit voluptatem et necessitatibus voluptas.', 649, 3, '4'),
(46, '2022-12-15 08:18:58', '2022-12-15 08:18:58', 'praesentium', 'Dolores et ex at. Quaerat aliquam mollitia repudiandae quia nihil totam animi dolores. Cupiditate nulla nobis omnis cumque labore aspernatur. Eaque ut eum non dolorum inventore quis quia repudiandae.', 865, 2, '8'),
(47, '2022-12-15 08:18:58', '2022-12-15 08:18:58', 'voluptatem', 'Aut vero ducimus dolorum. Dicta provident tempore reiciendis necessitatibus rerum officia distinctio. Esse ut ex aliquid.', 457, 2, '6'),
(48, '2022-12-15 08:18:58', '2022-12-15 08:18:58', 'explicabo', 'Tenetur tempore quibusdam dignissimos eligendi. Consectetur enim et harum nihil voluptas dolor excepturi id. Rem sit illum est. Quae animi blanditiis ut asperiores porro est. Enim quis eum ut eligendi voluptate ea voluptate.', 217, 2, '5'),
(49, '2022-12-15 08:18:58', '2022-12-15 08:18:58', 'nisi', 'Voluptates voluptatem deleniti sed quidem totam est. Id quod enim incidunt sequi. Ipsam asperiores consequatur vel repellendus id eligendi. Qui illum accusamus molestiae cumque ad.', 223, 3, '4'),
(50, '2022-12-15 08:18:58', '2022-12-15 08:18:58', 'culpa', 'Sed saepe dolores corrupti dolor omnis laborum voluptas. Est debitis omnis ut consequuntur. Assumenda doloribus natus quaerat expedita nesciunt natus.', 904, 2, '6'),
(51, '2022-12-15 08:19:30', '2022-12-15 08:19:30', 'deserunt', 'Provident tempora accusantium officia maiores nobis. Assumenda consequuntur commodi iure. Iure omnis neque totam facilis.', 844, 2, '7'),
(52, '2022-12-15 08:19:30', '2022-12-15 08:19:30', 'consequuntur', 'Provident delectus est dolores et. Sint in vitae non atque dolorem assumenda. Minima consequatur sequi atque enim a commodi voluptatem nobis. Provident explicabo odit ea ut ut.', 706, 2, '0'),
(53, '2022-12-15 08:19:30', '2022-12-15 08:19:30', 'tenetur', 'Voluptatem quam qui deleniti odit corrupti. Quidem quasi sed maxime illum autem. Vero eum voluptatum accusantium enim id ea dolor. Delectus quis possimus sit itaque et.', 446, 2, '7'),
(54, '2022-12-15 08:19:30', '2022-12-15 08:19:30', 'labore', 'Quas qui architecto nihil eligendi. Velit aliquam quia accusamus accusamus. Esse nihil autem temporibus quae temporibus. Hic molestiae minima enim.', 429, 3, '2'),
(55, '2022-12-15 08:19:30', '2022-12-15 08:19:30', 'veritatis', 'Occaecati tempora accusamus illum consectetur et numquam veniam. Temporibus pariatur aut et odio maiores voluptate non. Sit earum consectetur deserunt ad nam labore illo vel. Recusandae quaerat animi natus eius autem consequatur ea.', 325, 2, '3'),
(56, '2022-12-15 08:19:30', '2022-12-15 08:19:30', 'non', 'Molestias voluptatum eos recusandae laudantium quis aut labore. Temporibus recusandae earum vitae. Est voluptatem dicta occaecati dicta dolor eveniet est non. Voluptas voluptatum velit id doloribus omnis expedita eaque.', 244, 3, '4'),
(57, '2022-12-15 08:19:30', '2022-12-15 08:19:30', 'consequuntur', 'Autem commodi veritatis soluta mollitia quidem. Suscipit dicta a consequuntur odit corrupti tempore et. Culpa aut dolorum at ab corrupti quas excepturi cumque. Adipisci saepe aspernatur qui culpa sint rem sed.', 556, 2, '6'),
(58, '2022-12-15 08:19:30', '2022-12-15 08:19:30', 'repellat', 'Dolor magni corporis quia mollitia dolorum occaecati labore. Possimus in vel aut aut expedita deserunt adipisci libero. Tenetur quae aut nihil ea illo.', 617, 2, '0'),
(59, '2022-12-15 08:19:30', '2022-12-15 08:19:30', 'accusamus', 'Perferendis sed blanditiis occaecati esse ut fugiat voluptatem. Dolor impedit ipsam quam aut aut commodi velit quidem. Fuga beatae distinctio dolorem optio.', 833, 3, '5'),
(60, '2022-12-15 08:19:30', '2022-12-15 08:19:30', 'harum', 'Et eaque dolore vel rerum maxime ullam dolore. Exercitationem est suscipit at tempore eum magnam odio. Nisi et voluptatem consectetur id dignissimos quia doloribus. Consequatur id aut necessitatibus excepturi dolorem.', 302, 2, '2'),
(61, '2022-12-15 08:19:30', '2022-12-15 08:19:30', 'facere', 'Aut labore qui aut et. Eum nemo quo veniam impedit voluptas ad. Eaque beatae omnis sed aut labore sed officiis. Distinctio vel delectus omnis earum labore corporis at. Sit eius voluptatibus animi voluptatum qui dolores aut.', 950, 2, '5'),
(62, '2022-12-15 08:19:30', '2022-12-15 08:19:30', 'commodi', 'Dignissimos eos pariatur veniam molestias sunt et minima. Voluptatem quam labore assumenda fuga placeat. Qui voluptatem molestiae minima. Optio quo accusantium omnis veritatis id.', 716, 2, '2'),
(63, '2022-12-15 08:19:30', '2022-12-15 08:19:30', 'illo', 'Tenetur dolorem aut expedita dolore cum saepe. Eveniet est debitis odio minus. Exercitationem libero et dolorem quia optio.', 646, 2, '8'),
(64, '2022-12-15 08:19:31', '2022-12-15 08:19:31', 'omnis', 'Repellendus error voluptatibus et eligendi nesciunt. Hic voluptates consectetur consectetur ullam error sed tempore. Aut et ducimus incidunt.', 261, 2, '0'),
(65, '2022-12-15 08:19:31', '2022-12-15 08:19:31', 'qui', 'Porro rerum nam cumque earum sunt corporis rerum. Et iure soluta eum molestiae sed dolores.', 110, 2, '3'),
(66, '2022-12-15 08:19:31', '2022-12-15 08:19:31', 'libero', 'Ipsum possimus aut quae recusandae aut ut non. Distinctio minus omnis iste.', 534, 3, '1'),
(67, '2022-12-15 08:19:31', '2022-12-15 08:19:31', 'qui', 'Est qui adipisci odio dolor incidunt. Exercitationem voluptate vel deleniti nesciunt nam. Doloremque ad consequatur ut repellendus molestias ratione sit est.', 258, 2, '2'),
(68, '2022-12-15 08:19:31', '2022-12-15 08:19:31', 'ipsum', 'Vitae alias suscipit voluptatem sequi. Veritatis eligendi quo asperiores consectetur. Itaque sunt vel eius est fugit.', 134, 2, '8'),
(69, '2022-12-15 08:19:31', '2022-12-15 08:19:31', 'earum', 'Ea iste similique deserunt illo delectus. Et animi autem fugit nostrum non eum eaque. Nulla esse atque iusto vero voluptatem sed. Cupiditate id non error a qui. Eum modi recusandae error veritatis rerum quod.', 816, 2, '6'),
(70, '2022-12-15 08:19:31', '2022-12-15 08:19:31', 'dicta', 'Consequatur maiores laboriosam in. Omnis qui odit tempore voluptatem. Aliquid soluta quidem modi ducimus eveniet voluptate quasi ut. Ipsum tenetur sed consequatur harum ut.', 796, 2, '9'),
(71, '2022-12-15 08:19:31', '2022-12-15 08:19:31', 'excepturi', 'Voluptas delectus ratione eos reprehenderit maiores. Et laboriosam ipsam et sequi et dolores. Dolore deleniti nobis fugiat.', 595, 3, '6'),
(72, '2022-12-15 08:19:31', '2022-12-15 08:19:31', 'et', 'Sit explicabo et dolores quidem magnam dolor. Dignissimos consequuntur deleniti blanditiis non. Ut voluptatem ratione vitae dignissimos corrupti ut in.', 505, 3, '8'),
(73, '2022-12-15 08:19:31', '2022-12-15 08:19:31', 'modi', 'Sit dicta neque provident cupiditate. Quos perferendis deserunt est voluptatem numquam voluptas aut. Perferendis omnis quis provident atque ut consequatur et.', 805, 3, '5'),
(74, '2022-12-15 08:19:31', '2022-12-15 08:19:31', 'quisquam', 'Sed quas reiciendis impedit id. Nihil earum reprehenderit tempora a. Velit eaque veritatis qui. Ullam sunt sed excepturi rem sapiente eaque.', 950, 2, '3'),
(75, '2022-12-15 08:19:31', '2022-12-15 08:19:31', 'sit', 'Dolorem ea possimus omnis cum nulla. Perferendis modi consequatur impedit natus molestiae ipsam et. Quo iure deleniti quas. Nisi aut qui architecto voluptas quo porro laborum. Quam nemo aliquam nihil.', 677, 3, '4'),
(76, '2022-12-15 08:19:31', '2022-12-15 08:19:31', 'et', 'Doloremque quia deserunt autem omnis sint voluptas quo. Dolore consectetur ut iusto voluptatem fuga autem. Quidem atque repellat omnis consequatur voluptatem.', 694, 3, '1'),
(77, '2022-12-15 08:19:32', '2022-12-15 08:19:32', 'expedita', 'Iusto consectetur et tenetur impedit omnis. Asperiores et et quod ut rerum autem. Laborum quo accusamus est odio.', 347, 3, '5'),
(78, '2022-12-15 08:19:32', '2022-12-15 08:19:32', 'et', 'Ipsam rerum ut quia consequuntur corporis. Voluptatem sed saepe minus doloribus sint itaque. Ex asperiores dolores non officiis et.', 881, 3, '3'),
(79, '2022-12-15 08:19:32', '2022-12-15 08:19:32', 'dolor', 'Voluptatem odit et blanditiis dolorem omnis dicta. Voluptatem eum quasi sint quis est. Laborum soluta maiores exercitationem atque molestiae veniam.', 657, 3, '4'),
(80, '2022-12-15 08:19:32', '2022-12-15 08:19:32', 'aliquam', 'Quos libero suscipit incidunt excepturi ratione incidunt cupiditate. Laborum quo sint consectetur ea. Et at quasi sint illum voluptatem dolor sunt. Repudiandae omnis ipsum ab explicabo ad voluptatem.', 971, 3, '7'),
(81, '2022-12-15 08:19:32', '2022-12-15 08:19:32', 'velit', 'Illum autem voluptatem omnis perferendis assumenda necessitatibus. Animi a eaque voluptates consectetur repudiandae odit. Natus molestiae dolorum et sapiente dolorem veniam et. Est eius sit esse pariatur.', 695, 2, '5'),
(82, '2022-12-15 08:19:32', '2022-12-15 08:19:32', 'nulla', 'Et voluptatibus in ut molestias rerum unde reiciendis. Officia autem id dignissimos reiciendis quia. Minima consectetur nisi et aperiam ea est unde.', 321, 2, '0'),
(83, '2022-12-15 08:19:32', '2022-12-15 08:19:32', 'optio', 'Aut est beatae quibusdam aspernatur consequatur animi reprehenderit. Cum corporis autem aut. Dicta est voluptas dolorum doloremque odit eligendi magnam. Dolorem non fuga soluta facere nisi laudantium.', 373, 3, '9'),
(84, '2022-12-15 08:19:32', '2022-12-15 08:19:32', 'ut', 'Voluptas totam consequatur numquam sapiente vitae. Cumque ex libero fugit est velit iste. Numquam delectus eligendi est blanditiis fugiat voluptatem.', 981, 2, '4'),
(85, '2022-12-15 08:19:32', '2022-12-15 08:19:32', 'accusantium', 'Voluptatem omnis et corporis similique. Earum soluta excepturi consequatur accusamus. Et at aut et minus. Autem vel est blanditiis corrupti quia illum.', 835, 2, '0'),
(86, '2022-12-15 08:19:32', '2022-12-15 08:19:32', 'aut', 'Cum nihil in minus numquam corporis. Facere officia at est pariatur soluta vel. Beatae ea est ut quia ut eveniet cumque.', 244, 3, '5'),
(87, '2022-12-15 08:19:32', '2022-12-15 08:19:32', 'excepturi', 'Qui laborum magni id quod fuga consequuntur saepe. Voluptate fugiat aut nesciunt et qui vero nihil. Cumque enim possimus cum magnam. Nostrum unde dolor labore.', 849, 2, '0'),
(88, '2022-12-15 08:19:32', '2022-12-15 08:19:32', 'suscipit', 'Tempore maxime laboriosam cumque aut voluptatem molestiae eaque. Deserunt cumque sunt iure nemo ut voluptatem. Quibusdam excepturi accusantium facilis eveniet.', 930, 2, '7'),
(89, '2022-12-15 08:19:32', '2022-12-15 08:19:32', 'corporis', 'Quas earum voluptatibus reprehenderit est dolor deleniti deleniti. Tempore sunt itaque doloremque sunt aut. Et id eaque error suscipit. Suscipit ipsum omnis esse libero qui vel.', 836, 3, '7'),
(90, '2022-12-15 08:19:32', '2022-12-15 08:19:32', 'sed', 'Porro a ipsam voluptas delectus aut necessitatibus ut. Eum repellat et atque sit tempora libero. Non deleniti voluptas et aut eos. Blanditiis fugiat veniam ut id eos non earum ea. Quaerat blanditiis quia sit vitae qui quos.', 325, 2, '7'),
(91, '2022-12-15 08:19:32', '2022-12-15 08:19:32', 'qui', 'A sit ut eos. Ducimus maxime similique incidunt suscipit mollitia voluptas. Laudantium eveniet recusandae id vel laborum minus. Et et eum est quo fugit.', 374, 2, '1'),
(92, '2022-12-15 08:19:32', '2022-12-15 08:19:32', 'illum', 'Dignissimos accusamus dicta nulla explicabo. Dolorem sit voluptatum eius sapiente voluptas. Et animi libero inventore quo pariatur ab qui.', 854, 3, '2'),
(93, '2022-12-15 08:19:32', '2022-12-15 08:19:32', 'numquam', 'Qui nostrum praesentium et tenetur molestiae sit. Qui ab ex exercitationem eum reprehenderit autem. Consectetur quas eligendi molestiae deserunt tenetur eum. Officia est quis animi occaecati.', 285, 3, '9'),
(94, '2022-12-15 08:19:32', '2022-12-15 08:19:32', 'enim', 'Et ipsa aut deserunt perspiciatis sit consequatur hic quasi. Iure mollitia id quae officia itaque. Vitae necessitatibus suscipit eos veniam doloremque.', 471, 2, '6'),
(95, '2022-12-15 08:19:32', '2022-12-15 08:19:32', 'aut', 'Et consequatur magni sunt quos ut. Sint amet aut culpa ut facilis optio unde. Rerum repudiandae sed esse est eum debitis ipsa. Accusantium beatae pariatur ipsam vel.', 639, 2, '7'),
(96, '2022-12-15 08:19:33', '2022-12-15 08:19:33', 'quo', 'Blanditiis eum similique aspernatur consequatur nobis at sed. Quidem voluptatem modi explicabo voluptatem delectus nihil. Pariatur aliquam quo cumque laudantium. Inventore fugiat modi explicabo sapiente.', 328, 3, '7'),
(97, '2022-12-15 08:19:33', '2022-12-15 08:19:33', 'ut', 'Ipsam ipsa neque voluptates velit. Nisi ut eos et aut omnis. Alias labore sit explicabo doloribus quasi. Et corporis dignissimos excepturi voluptas quis error rerum sed.', 985, 3, '7'),
(98, '2022-12-15 08:19:33', '2022-12-15 08:19:33', 'deserunt', 'Quia ducimus est omnis corrupti nisi tempora officia. Nobis nihil iure voluptates labore atque omnis nemo. Beatae animi sunt perferendis iste sint neque quas.', 777, 2, '9'),
(99, '2022-12-15 08:19:33', '2022-12-15 08:19:33', 'nesciunt', 'Aut laborum voluptas velit est esse magnam rerum. In reiciendis nemo in eaque quas. Illo repudiandae omnis soluta reiciendis. Ut aut autem doloremque fugit eveniet inventore quia pariatur.', 840, 2, '1'),
(100, '2022-12-15 08:19:33', '2022-12-15 08:19:33', 'corporis', 'Quod nulla sint itaque quia aut impedit. Alias dignissimos rerum sunt quia delectus rerum velit. Placeat porro asperiores eum doloremque nam eaque eum. Earum qui vel ratione iure magni sit.', 776, 2, '7');

-- --------------------------------------------------------

--
-- Table structure for table `reviews`
--

CREATE TABLE `reviews` (
  `id` int(10) UNSIGNED NOT NULL,
  `customer` varchar(255) COLLATE utf8mb4_unicode_ci NOT NULL,
  `product_id` int(10) UNSIGNED NOT NULL,
  `review` text COLLATE utf8mb4_unicode_ci NOT NULL,
  `star` int(11) NOT NULL,
  `created_at` timestamp NULL DEFAULT NULL,
  `updated_at` timestamp NULL DEFAULT NULL
) ENGINE=InnoDB DEFAULT CHARSET=utf8mb4 COLLATE=utf8mb4_unicode_ci;

--
-- Dumping data for table `reviews`
--

INSERT INTO `reviews` (`id`, `customer`, `product_id`, `review`, `star`, `created_at`, `updated_at`) VALUES
(1, 'Estel Upton', 48, 'Beatae labore quos accusantium voluptatibus dolorem. Ea modi cupiditate odit sed sint itaque. Reiciendis incidunt culpa voluptate omnis quo ut vitae explicabo. Voluptatem itaque optio magnam quam aliquid.', 2, '2022-12-15 12:58:56', '2022-12-15 12:58:56'),
(2, 'Ryder Harris', 76, 'Sit maiores sit reprehenderit in qui ex suscipit aut. Aspernatur nisi eum sunt natus natus porro. Officiis magnam repellendus maxime ut voluptatum.', 3, '2022-12-15 12:58:56', '2022-12-15 12:58:56'),
(3, 'Adeline Fahey Jr.', 41, 'Doloribus reiciendis quaerat alias veritatis velit ut. Exercitationem odit distinctio voluptas commodi. Impedit accusantium sed possimus doloribus fuga sed labore deserunt. Tempore deserunt id et saepe.', 2, '2022-12-15 12:58:56', '2022-12-15 12:58:56'),
(4, 'Prof. Dominique Morar', 57, 'Tempora velit sed impedit necessitatibus ratione blanditiis. Reiciendis similique voluptas voluptatum. Quia minus numquam occaecati itaque dolores quidem ea.', 1, '2022-12-15 12:58:56', '2022-12-15 12:58:56'),
(5, 'Adam Dickinson MD', 68, 'Id eos rerum accusantium quia nihil esse consequatur. Excepturi fuga in consequatur blanditiis aperiam. Magni eum necessitatibus sed architecto animi.', 2, '2022-12-15 12:58:56', '2022-12-15 12:58:56'),
(6, 'Mr. Stanford Pouros II', 69, 'Voluptates facilis alias vel illum. Repudiandae iure sunt aut sit eveniet aliquam eos. Veritatis incidunt quia illo beatae. Eveniet facere sit ipsum distinctio.', 2, '2022-12-15 12:58:56', '2022-12-15 12:58:56'),
(7, 'Macy Fisher', 2, 'Vero pariatur quisquam distinctio facere. Velit nam sed officia voluptas voluptas. Non asperiores maiores voluptas temporibus. Incidunt quis voluptas ipsam maiores et qui.', 3, '2022-12-15 12:58:57', '2022-12-15 12:58:57'),
(8, 'Abel Jakubowski', 33, 'Ut ratione modi voluptatibus consequatur vel ut illo dolor. Et et aliquid odit quaerat aut voluptate quasi repellendus. Tenetur itaque et ipsa ratione.', 2, '2022-12-15 12:58:57', '2022-12-15 12:58:57'),
(9, 'Genoveva Farrell', 95, 'Asperiores sit ea eius officiis qui aut eius nesciunt. Voluptatem facere necessitatibus sequi cupiditate omnis voluptate assumenda. Autem voluptatem praesentium adipisci consequatur et consequuntur aut hic.', 1, '2022-12-15 12:58:57', '2022-12-15 12:58:57'),
(10, 'Grover Wuckert', 87, 'Ut aspernatur quod et quia quam ut aut. Et exercitationem quae commodi tempore debitis aliquid voluptatem. Quo totam iste quas nihil facere. Voluptas est quo illum quod. Sit a quis voluptas eius.', 1, '2022-12-15 12:58:57', '2022-12-15 12:58:57'),
(11, 'Dr. Alva Weimann Sr.', 58, 'Quae beatae exercitationem et voluptatem quidem molestiae rerum accusamus. Enim rerum ipsam sit explicabo officia voluptates pariatur. Alias nihil rerum tempora. Qui corporis quia quia veniam sed unde omnis.', 3, '2022-12-15 12:58:57', '2022-12-15 12:58:57'),
(12, 'Florida Beier', 57, 'Similique accusantium vel et suscipit ea sit deleniti. Placeat consectetur consequatur eveniet sit autem. Assumenda et totam omnis hic repellat ex est. Consectetur a mollitia repudiandae sequi.', 0, '2022-12-15 12:58:57', '2022-12-15 12:58:57'),
(13, 'Isadore Breitenberg', 15, 'Tenetur fugit nihil temporibus neque dolores. Aut eos quia repellat maiores. Voluptates sed consectetur sint aut sunt ut.', 1, '2022-12-15 12:58:57', '2022-12-15 12:58:57'),
(14, 'Cora Leannon', 99, 'Veritatis eos quasi fugit dolor quo. Facere facilis aperiam reiciendis distinctio est. Velit consequatur illum sit commodi. Accusamus eligendi ea ad ad officiis officia rerum. Cupiditate similique fuga aut nisi.', 3, '2022-12-15 12:58:57', '2022-12-15 12:58:57'),
(15, 'Leda Funk PhD', 62, 'Esse nobis qui tempore dolorem iure. Tempora repellendus maiores eveniet velit doloremque illo. Atque neque aperiam qui saepe et ut non. Quis quae ad incidunt laborum veritatis et.', 5, '2022-12-15 12:58:57', '2022-12-15 12:58:57'),
(16, 'Amparo Doyle', 83, 'Cumque dolor harum voluptate amet ut culpa. Natus sit inventore officiis deleniti odio autem.', 0, '2022-12-15 12:58:57', '2022-12-15 12:58:57'),
(17, 'Rafael Casper', 14, 'Dolor autem et omnis porro nesciunt voluptatem. Qui pariatur velit unde saepe accusantium.', 5, '2022-12-15 12:58:57', '2022-12-15 12:58:57'),
(18, 'Rose Blanda', 32, 'Et ea ut quos dolore. Eum omnis voluptatum vel est aut exercitationem. Odio quia quo corrupti et aspernatur.', 4, '2022-12-15 12:58:57', '2022-12-15 12:58:57'),
(19, 'Prof. Ken Toy II', 1, 'Voluptatem eos rerum est eius expedita alias debitis impedit. Aliquid molestiae blanditiis et qui repellat numquam. Rerum itaque rem et nihil. Ipsam sunt voluptas neque non suscipit delectus.', 3, '2022-12-15 12:58:57', '2022-12-15 12:58:57'),
(20, 'Prof. Jaylon McCullough III', 27, 'Fugit similique in aliquid aut. Ab aut est voluptatem eum. Placeat dignissimos quos enim magni. Nobis facere expedita nulla non.', 5, '2022-12-15 12:58:57', '2022-12-15 12:58:57'),
(21, 'Llewellyn Tromp III', 40, 'Laborum laudantium ut praesentium sed amet reprehenderit molestiae. Velit fugiat quis incidunt esse veniam tempore veritatis. Quibusdam molestiae est quibusdam est ipsam et. Eum molestiae facilis amet.', 5, '2022-12-15 12:58:57', '2022-12-15 12:58:57'),
(22, 'Jordon Ward', 15, 'Est harum ut ullam aut molestiae eveniet. Et ut tempore dolor pariatur quod exercitationem odio. Sint tenetur doloremque cumque ut ut. Possimus quam aut necessitatibus et. Odio ratione sit aliquid eos est quis.', 2, '2022-12-15 12:58:57', '2022-12-15 12:58:57'),
(23, 'Paula Jones', 2, 'Et rem accusamus minima officiis laudantium. Et vel sit dolor quos voluptas. Perferendis dolor sit maiores similique voluptas.', 2, '2022-12-15 12:58:57', '2022-12-15 12:58:57'),
(24, 'Prof. Stephen Bergnaum I', 32, 'Laudantium rerum dicta tempora quis quidem magnam. Illo dignissimos eum dignissimos dolorem quaerat dolor. Tenetur porro aut ipsum omnis omnis nemo eum.', 4, '2022-12-15 12:58:58', '2022-12-15 12:58:58'),
(25, 'Ima Hills', 58, 'Sed repellendus enim optio qui voluptatem odio. Sint ea deleniti sapiente enim. Pariatur ipsa unde pariatur itaque sunt inventore.', 3, '2022-12-15 12:58:58', '2022-12-15 12:58:58'),
(26, 'Mrs. Rafaela McGlynn PhD', 35, 'Nobis fugiat nisi omnis repellat mollitia ratione. Et quasi nulla iste sunt at. Accusamus quae odio voluptate eum dolores laboriosam ad.', 4, '2022-12-15 12:58:58', '2022-12-15 12:58:58'),
(27, 'Earlene Ziemann', 54, 'Ut quod expedita modi quos porro. Tempora porro dolor perferendis et tenetur sequi. Eaque saepe non pariatur commodi illum est. Autem nihil exercitationem vero qui atque qui quod.', 2, '2022-12-15 12:58:58', '2022-12-15 12:58:58'),
(28, 'Laverne Rohan', 34, 'Ut pariatur provident et illum eos totam quis. Eveniet officiis rerum eum voluptatem excepturi dolorum et. Alias voluptates dolorem illum blanditiis consequatur. Beatae pariatur neque quia ipsam autem corrupti laboriosam.', 3, '2022-12-15 12:58:58', '2022-12-15 12:58:58'),
(29, 'Ezekiel Wyman V', 10, 'Inventore soluta magni tenetur modi. Officiis at magni accusamus asperiores dolorem amet voluptatem. Eos molestiae fugiat dolorem.', 1, '2022-12-15 12:58:58', '2022-12-15 12:58:58'),
(30, 'Ms. Jany Yundt', 11, 'Repellat voluptas voluptatem cum nisi est numquam suscipit. Ullam eum placeat aut doloribus. Ad ut aliquam dolores natus est. At omnis est qui optio est autem.', 3, '2022-12-15 12:58:58', '2022-12-15 12:58:58'),
(31, 'Mr. Vern Hane', 54, 'Cum assumenda aut sed. Omnis at repellat eos. Animi possimus quis accusamus et. Tempora non dolorum quae veniam.', 0, '2022-12-15 12:58:58', '2022-12-15 12:58:58'),
(32, 'Dr. Crystel Stark DDS', 92, 'Aliquam ut quidem exercitationem ut ducimus quia. Illum itaque asperiores et. Et et placeat dolores quas et necessitatibus voluptatem dolorem.', 1, '2022-12-15 12:58:58', '2022-12-15 12:58:58'),
(33, 'Prof. Joelle Dietrich', 42, 'Ducimus laudantium perspiciatis nam. Molestiae porro soluta sint pariatur nobis et. Nisi nostrum sint ab id. Iure enim deleniti ea sit.', 2, '2022-12-15 12:58:58', '2022-12-15 12:58:58'),
(34, 'Adan Lubowitz', 54, 'Iusto consequuntur cupiditate sed placeat est ratione. Quis sequi qui ipsum numquam deserunt. Tenetur quasi voluptatem occaecati rem eius quaerat explicabo distinctio.', 1, '2022-12-15 12:58:58', '2022-12-15 12:58:58'),
(35, 'Isabel Baumbach', 10, 'Nam maxime doloribus velit incidunt vero. Deserunt necessitatibus illo neque ducimus praesentium iure. Explicabo in ut qui magni. Quaerat sunt sunt placeat ut consequatur optio labore.', 4, '2022-12-15 12:58:58', '2022-12-15 12:58:58'),
(36, 'Ms. Jena Torphy', 44, 'Unde ipsum vel fuga ipsum esse rerum voluptas. Debitis illum dolores itaque blanditiis corporis eveniet. Porro consectetur amet est libero autem. Culpa commodi cum amet.', 3, '2022-12-15 12:58:58', '2022-12-15 12:58:58'),
(37, 'Grayson Ullrich', 40, 'Placeat est aut in necessitatibus. Aliquam quasi harum laborum sit. Sunt deleniti quasi omnis maxime corrupti error nobis. In sunt quae numquam ut.', 3, '2022-12-15 12:58:58', '2022-12-15 12:58:58'),
(38, 'Sally Zboncak', 34, 'Ut eos velit provident. Delectus aut rem nulla aliquid aspernatur. Eos qui fugit quibusdam totam omnis eum rerum. Cupiditate vero quod voluptatem repellendus repudiandae aut. Reiciendis deleniti rerum minus debitis quisquam mollitia esse ipsum.', 1, '2022-12-15 12:58:58', '2022-12-15 12:58:58'),
(39, 'Ms. Emmy Lind DDS', 3, 'Odit perferendis ut iure exercitationem ducimus tempora. Facilis voluptatem tenetur beatae sint quas molestiae tempora. Autem alias maiores aliquam.', 4, '2022-12-15 12:58:58', '2022-12-15 12:58:58'),
(40, 'Timmy O\'Keefe', 64, 'Et impedit unde impedit aperiam ab ducimus. Consequuntur asperiores et amet.', 5, '2022-12-15 12:58:58', '2022-12-15 12:58:58'),
(41, 'Dortha Crooks', 10, 'Culpa velit qui ipsa nihil. Consequatur qui id dolore fugiat non error. Aliquam nulla sit repudiandae deleniti magnam sed.', 3, '2022-12-15 12:58:58', '2022-12-15 12:58:58'),
(42, 'Thurman Abshire DVM', 64, 'Iure repudiandae quo impedit perferendis quam veniam. Similique unde ratione ullam et expedita quia expedita recusandae. Quia cumque dolorem non explicabo.', 0, '2022-12-15 12:58:58', '2022-12-15 12:58:58'),
(43, 'Madie Dare', 38, 'Libero voluptatem sint saepe quae perferendis. Adipisci dolor aliquam officiis voluptatem ducimus itaque. Laboriosam consequuntur vel sint pariatur vero ut esse. Harum officia quia natus corporis quis.', 3, '2022-12-15 12:58:58', '2022-12-15 12:58:58'),
(44, 'Elisa Pollich', 80, 'Dolor distinctio quia consectetur qui dolores. Totam non aut voluptas iusto facilis corporis. Consequuntur vel cumque doloremque adipisci temporibus illum ipsum. Id molestiae eos deserunt debitis.', 2, '2022-12-15 12:58:58', '2022-12-15 12:58:58'),
(45, 'Timothy Ferry', 47, 'Sint incidunt ratione minima harum. Dolorum totam dolorum autem voluptas nostrum et. Adipisci saepe id dolor quod et. Magnam dolor deleniti eligendi ab nemo ratione.', 3, '2022-12-15 12:58:58', '2022-12-15 12:58:58'),
(46, 'Alexzander Kautzer MD', 43, 'Vero accusantium temporibus nisi ut. Ut qui suscipit debitis assumenda illo. Est aut voluptate eius repellat.', 2, '2022-12-15 12:58:59', '2022-12-15 12:58:59'),
(47, 'Watson Gulgowski', 4, 'Ipsum at excepturi laboriosam tenetur. Ut vel nihil dolorem corrupti rerum ratione amet architecto. Vel quia alias dolorum et qui nobis earum voluptatem.', 0, '2022-12-15 12:58:59', '2022-12-15 12:58:59'),
(48, 'Prof. Henriette Kuhn DVM', 27, 'Quis eum corporis quasi excepturi qui. Eveniet rerum nihil nihil neque. Ducimus nam quaerat quisquam. Odio et nihil porro. Saepe facere et quibusdam.', 4, '2022-12-15 12:58:59', '2022-12-15 12:58:59'),
(49, 'Miss Ardith McLaughlin', 92, 'Temporibus doloremque excepturi non illo. Totam culpa nisi incidunt occaecati molestiae odio. Odit ducimus vel iusto quaerat quidem omnis qui. Adipisci reiciendis nesciunt voluptatem odit voluptate deserunt quisquam.', 0, '2022-12-15 12:58:59', '2022-12-15 12:58:59'),
(50, 'Emily Mraz III', 92, 'Harum alias natus et autem ad ratione quia. Rerum aspernatur qui tenetur est nostrum autem architecto. Ducimus dolorem ut at iste eveniet autem. Non consequuntur provident tempora in. Necessitatibus non vero ea asperiores ea ut eum.', 1, '2022-12-15 12:58:59', '2022-12-15 12:58:59'),
(51, 'Olga Mante', 67, 'Repellat ut et eum consectetur culpa atque deserunt. Blanditiis eveniet laborum exercitationem fugit. Nemo maiores et reiciendis alias vel animi. Ipsum dignissimos corrupti ex corporis nostrum deleniti. Mollitia quam ipsam sint id temporibus.', 4, '2022-12-15 12:58:59', '2022-12-15 12:58:59'),
(52, 'Elias Turcotte DDS', 75, 'Est recusandae et totam facere amet voluptates voluptas quia. Placeat voluptatem ad sunt unde nihil neque est. Numquam enim quasi ratione.', 0, '2022-12-15 12:58:59', '2022-12-15 12:58:59'),
(53, 'Dennis Beer', 82, 'Optio quod nobis facere et suscipit odio. Ratione reprehenderit dolorem quisquam optio. Ea nam laudantium blanditiis sunt. Laboriosam facilis repellat ex labore magni reiciendis.', 5, '2022-12-15 12:58:59', '2022-12-15 12:58:59'),
(54, 'Veronica Howe', 45, 'Iste odio et quasi numquam et quas quae quidem. Iusto ut alias dolorum excepturi facere ad quo. Nam et perferendis nulla mollitia fuga id. Nemo reprehenderit ratione consequatur.', 1, '2022-12-15 12:58:59', '2022-12-15 12:58:59'),
(55, 'Cruz O\'Keefe', 57, 'Ea a fugiat voluptas fugiat nihil in hic saepe. Nostrum dolor eaque debitis sint ad. Eius nesciunt magni impedit qui. Voluptas iure asperiores doloremque possimus voluptatem officia ut.', 5, '2022-12-15 12:58:59', '2022-12-15 12:58:59'),
(56, 'Miss Daphnee Pfannerstill Jr.', 8, 'Quasi vitae consequatur accusantium reprehenderit. Ipsam hic nisi sunt deleniti ea. Veritatis totam ad unde nisi quo. Enim fugit ullam et odit consequuntur dolor minima.', 0, '2022-12-15 12:58:59', '2022-12-15 12:58:59'),
(57, 'Destiney Lynch', 88, 'Amet voluptatem voluptatem atque necessitatibus sint. Quo pariatur dolores assumenda autem est sed. Fuga quo velit natus eius praesentium ea repellat.', 4, '2022-12-15 12:58:59', '2022-12-15 12:58:59'),
(58, 'Dave Donnelly', 96, 'Neque magnam nemo nemo a mollitia. Dolorem occaecati est qui quis. Numquam sit et fugit neque. Voluptatem esse et qui laudantium consequuntur a.', 1, '2022-12-15 12:58:59', '2022-12-15 12:58:59'),
(59, 'Micah Gusikowski II', 37, 'Animi vel rerum voluptatum est non. Totam fuga dolor rerum consectetur eos quidem neque.', 2, '2022-12-15 12:58:59', '2022-12-15 12:58:59'),
(60, 'Cade Davis', 86, 'Eaque in molestiae omnis praesentium et dolores iure. Neque voluptatum impedit omnis voluptatem aut suscipit.', 3, '2022-12-15 12:58:59', '2022-12-15 12:58:59'),
(61, 'Kailyn Bernhard', 60, 'Beatae enim ullam neque velit. Nemo iusto quod quo quo nesciunt enim. Non quia doloremque facere alias. Et perferendis hic qui labore fugiat.', 1, '2022-12-15 12:58:59', '2022-12-15 12:58:59'),
(62, 'Christop Kessler', 92, 'Asperiores quam voluptatem architecto velit vitae. Laborum deleniti sed et necessitatibus. Ut ea accusamus sit et aut eos.', 4, '2022-12-15 12:58:59', '2022-12-15 12:58:59'),
(63, 'Prof. Annamae Hayes IV', 11, 'Autem pariatur possimus non dolor ut error sint. Tempora et ut sunt ullam dolorem. Ex ut culpa et facere quam modi.', 0, '2022-12-15 12:58:59', '2022-12-15 12:58:59'),
(64, 'Mr. Travis Kub', 69, 'Sit repellat ab dolorem ipsa aperiam laboriosam asperiores. Expedita voluptatem velit est dolores quis nostrum. Labore occaecati iste soluta molestiae consequatur doloribus.', 3, '2022-12-15 12:58:59', '2022-12-15 12:58:59'),
(65, 'Lucie Roob MD', 77, 'Quia ut sint molestiae in necessitatibus occaecati. Est aliquid deserunt vero dolore voluptas dicta qui.', 0, '2022-12-15 12:58:59', '2022-12-15 12:58:59'),
(66, 'Lennie Nikolaus', 38, 'Aut voluptas adipisci aliquam. Rem illum est culpa quia illum est. Recusandae laborum voluptatibus aut excepturi.', 5, '2022-12-15 12:58:59', '2022-12-15 12:58:59'),
(67, 'Adalberto Thiel MD', 65, 'Non aspernatur ex accusamus id. Ipsa dolorem perspiciatis maiores tenetur quam expedita iste. Dolores est sit ab et assumenda aut. Sint vel voluptatem ut sit autem voluptates quibusdam.', 0, '2022-12-15 12:58:59', '2022-12-15 12:58:59'),
(68, 'Karelle Ebert', 15, 'Quo laborum velit laboriosam delectus. Est minima dolor qui voluptas aut ratione earum. Quos accusantium quibusdam corrupti dolorem eaque quis commodi. Ut possimus corporis amet voluptate.', 1, '2022-12-15 12:59:00', '2022-12-15 12:59:00'),
(69, 'Krista Cummerata', 9, 'Consequatur quas molestiae commodi dolore laboriosam neque. Exercitationem laudantium et eligendi ut reprehenderit.', 0, '2022-12-15 12:59:00', '2022-12-15 12:59:00'),
(70, 'Raymundo Moen', 58, 'Sint rerum quibusdam doloremque sint. Quam magni iure dolor quam qui rem ut. Minima porro magni maiores dolorem dolores assumenda.', 5, '2022-12-15 12:59:00', '2022-12-15 12:59:00'),
(71, 'Blaze Connelly', 53, 'Et culpa recusandae nemo autem. Sunt et blanditiis occaecati architecto omnis minus consequatur. Deleniti repellat maxime ut sint.', 3, '2022-12-15 12:59:00', '2022-12-15 12:59:00'),
(72, 'Catherine Emard DDS', 76, 'Ab dolores itaque error aut unde sit. Numquam sint et quia nihil et eligendi. Non eligendi molestias nulla placeat id itaque. Quaerat facilis aut distinctio velit aut.', 4, '2022-12-15 12:59:00', '2022-12-15 12:59:00'),
(73, 'Prof. Monica Corwin DDS', 84, 'Est aut nam occaecati totam ut sed necessitatibus. Necessitatibus est pariatur et excepturi ullam vel nihil. Commodi vitae suscipit facilis et aut.', 4, '2022-12-15 12:59:00', '2022-12-15 12:59:00'),
(74, 'Sammie Hand', 64, 'Ratione exercitationem a quibusdam ipsam voluptatem molestiae. Nulla non vitae labore. Ipsum mollitia et et dolorem voluptas sapiente nulla id. Est laboriosam quis deleniti.', 5, '2022-12-15 12:59:00', '2022-12-15 12:59:00'),
(75, 'Horace Mitchell', 81, 'Velit est voluptatem aperiam esse perspiciatis. Maiores aspernatur accusamus placeat enim. Et tempore doloribus quia.', 1, '2022-12-15 12:59:00', '2022-12-15 12:59:00'),
(76, 'Arlo Towne', 46, 'Veritatis iure numquam quibusdam unde. Labore facere maxime harum id explicabo delectus. Ullam dolor dolor eum expedita.', 3, '2022-12-15 12:59:00', '2022-12-15 12:59:00'),
(77, 'Jude Hodkiewicz', 33, 'Aliquam debitis sapiente rerum eum. In omnis perferendis ullam omnis nulla ea. Error asperiores aliquam qui ratione asperiores. Et labore id voluptatum voluptatem.', 5, '2022-12-15 12:59:00', '2022-12-15 12:59:00'),
(78, 'Meagan Ortiz DDS', 96, 'Sit sed praesentium distinctio. Earum ipsum voluptatem hic. Et accusantium tempore incidunt consequatur.', 1, '2022-12-15 12:59:00', '2022-12-15 12:59:00'),
(79, 'Mrs. Graciela Zulauf III', 60, 'Ut eligendi perferendis non sed inventore ut. Dignissimos aut quam id a ducimus quidem. Veritatis debitis deleniti ab rerum.', 3, '2022-12-15 12:59:00', '2022-12-15 12:59:00'),
(80, 'Mr. Aaron Fay', 76, 'Qui ratione atque impedit. Labore cum nisi quia voluptate ipsa. Eligendi eos nostrum numquam ab rem. Voluptate tempora illum assumenda.', 1, '2022-12-15 12:59:00', '2022-12-15 12:59:00'),
(81, 'Juliana Haley I', 20, 'Aut rem ipsum temporibus repudiandae alias sit. Voluptatem eligendi iusto eos autem ab harum. Dolores velit quas consequatur consectetur qui saepe perspiciatis. Maxime corrupti quisquam similique possimus rerum. Qui neque et aut provident ea sint.', 5, '2022-12-15 12:59:00', '2022-12-15 12:59:00'),
(82, 'Prof. Payton Haag MD', 70, 'Aut voluptates distinctio modi ipsum. At inventore nihil alias voluptatem qui ad iste. Voluptate a odio totam necessitatibus rerum. Aut reprehenderit facilis odit reprehenderit culpa repudiandae.', 4, '2022-12-15 12:59:00', '2022-12-15 12:59:00'),
(83, 'Aracely Reilly', 41, 'Laborum eum voluptatem unde laborum. Ullam exercitationem aut hic nihil dolores. Laudantium quidem ut quia esse asperiores. Beatae atque quidem et qui.', 5, '2022-12-15 12:59:00', '2022-12-15 12:59:00'),
(84, 'Dr. Colleen Weber', 48, 'Excepturi tempore et odio ex corrupti laudantium quas cum. Eaque maxime autem nihil aut. Aut voluptatibus qui quo velit aut.', 1, '2022-12-15 12:59:00', '2022-12-15 12:59:00'),
(85, 'Mr. Camden Bauch DDS', 40, 'Hic in non repellat quae quasi. Praesentium eos est voluptates voluptatem eum. Et praesentium nam sint aut molestiae. Molestias et ducimus quia est magnam id enim dolorum. Facere deleniti animi fugit sint temporibus voluptatem.', 3, '2022-12-15 12:59:00', '2022-12-15 12:59:00'),
(86, 'Mrs. Marlene Braun I', 70, 'Voluptatibus atque temporibus eos et voluptatem voluptas. Ad molestiae et quas repellendus. Quaerat laboriosam aut maiores cumque hic iure.', 2, '2022-12-15 12:59:00', '2022-12-15 12:59:00'),
(87, 'Landen Haley', 65, 'Aut labore consectetur ipsa sit corrupti. Sunt aliquid quidem sit cum nobis sunt. Libero et illo cum est.', 5, '2022-12-15 12:59:00', '2022-12-15 12:59:00'),
(88, 'Solon Jakubowski', 43, 'Quos cupiditate doloremque soluta. Consequatur distinctio est ipsa veniam sed. Et exercitationem quis laboriosam minima. Mollitia voluptas voluptas officia sit esse.', 5, '2022-12-15 12:59:00', '2022-12-15 12:59:00'),
(89, 'Nova Kemmer', 85, 'Quibusdam rerum consequatur qui. Id in voluptatem qui non. Nemo qui enim qui nam.', 3, '2022-12-15 12:59:00', '2022-12-15 12:59:00'),
(90, 'Isai Murazik', 63, 'Voluptates et ut nihil ipsa. Quo dolorum qui ducimus fugiat est voluptatum ratione.', 1, '2022-12-15 12:59:00', '2022-12-15 12:59:00'),
(91, 'Dr. Bria Kassulke', 97, 'Ut ut natus odio adipisci ipsa. Temporibus ad commodi voluptatem ut expedita in sit. Facere ut harum ullam eos quo et. Libero quae explicabo voluptas.', 2, '2022-12-15 12:59:01', '2022-12-15 12:59:01'),
(92, 'Zane Thompson', 71, 'Magnam modi ut quisquam quas voluptas quo. Vel voluptatum exercitationem sed. Perferendis fugit ratione in architecto.', 5, '2022-12-15 12:59:01', '2022-12-15 12:59:01'),
(93, 'Lela Roob', 32, 'Ipsa autem autem animi voluptatem ducimus. Perspiciatis similique id itaque eius et similique sit odio. Voluptatem eum velit reprehenderit non dolores laboriosam.', 0, '2022-12-15 12:59:01', '2022-12-15 12:59:01'),
(94, 'Alexanne Schimmel', 2, 'Aliquid eveniet vitae sunt dolor accusamus earum illum est. Voluptatibus aut amet dolores dolor consequatur aperiam consequatur.', 3, '2022-12-15 12:59:01', '2022-12-15 12:59:01'),
(95, 'Zack Barton Sr.', 54, 'Commodi ut cupiditate omnis. Possimus sunt totam itaque. Fugit blanditiis labore ullam iure. Vel et placeat reprehenderit vel non dolorem quod.', 1, '2022-12-15 12:59:01', '2022-12-15 12:59:01'),
(96, 'Loraine Pacocha', 71, 'Repellat qui natus possimus officia. Omnis reprehenderit sunt eum quo dolore fugit in. Quia rerum magni porro deserunt perferendis accusantium.', 0, '2022-12-15 12:59:01', '2022-12-15 12:59:01'),
(97, 'Kaelyn Kling', 42, 'Fuga numquam explicabo ad voluptas tempora adipisci veritatis quasi. Aliquam asperiores doloribus ad beatae est est. Cumque doloremque similique et odio saepe sint cum velit. Magnam et amet laboriosam.', 5, '2022-12-15 12:59:01', '2022-12-15 12:59:01'),
(98, 'Prof. Bart Jakubowski', 74, 'Ipsa et officia nobis facilis animi et hic. Perspiciatis officiis error fugiat autem nemo.', 1, '2022-12-15 12:59:01', '2022-12-15 12:59:01'),
(99, 'Miss Thalia Batz Jr.', 29, 'Dignissimos reiciendis sapiente molestiae deleniti. Qui eos non repudiandae. Quos assumenda ad ut ea voluptatibus quae deserunt. Sed est reprehenderit voluptas et.', 2, '2022-12-15 12:59:01', '2022-12-15 12:59:01'),
(100, 'Fern O\'Kon', 56, 'Omnis iste dolor dolorem ut nobis. Qui occaecati eos qui et. Dolorum eum quia odio et consequuntur sit tempore.', 2, '2022-12-15 12:59:01', '2022-12-15 12:59:01'),
(101, 'Hiram Boyle', 66, 'In commodi deleniti accusantium. Consequatur ullam iure ratione ex explicabo ut inventore. Qui vel quam sed natus nostrum eum nihil. Expedita esse et qui qui eos.', 4, '2022-12-15 12:59:01', '2022-12-15 12:59:01'),
(102, 'Jaylen Roberts', 67, 'Molestias quia qui velit neque soluta blanditiis qui. Dolores reprehenderit harum laudantium animi est voluptatem vel. Tenetur ea libero expedita perferendis. Ratione harum nihil non laboriosam perferendis nobis.', 2, '2022-12-15 12:59:01', '2022-12-15 12:59:01'),
(103, 'Miss Marlee Lynch', 20, 'Sequi voluptas doloribus consectetur accusantium. Cupiditate laborum a sint voluptas ea natus sit.', 5, '2022-12-15 12:59:01', '2022-12-15 12:59:01'),
(104, 'Amir Schulist', 14, 'Asperiores incidunt quam assumenda amet fugiat expedita quasi. Laborum velit eveniet consequatur enim. Recusandae error a reprehenderit qui. Sint maxime eligendi sed eligendi ex. Sit laborum ab velit ad at ipsam.', 1, '2022-12-15 12:59:01', '2022-12-15 12:59:01'),
(105, 'Casimer Kautzer', 80, 'Fuga eum exercitationem facere laudantium molestiae et tenetur. Tempora ipsam voluptatibus ut doloribus. Dolorum maxime ut error aliquid dolores dolorem.', 3, '2022-12-15 12:59:01', '2022-12-15 12:59:01'),
(106, 'Willie Cummerata Jr.', 39, 'Dolorum unde voluptatem rerum eos architecto et hic et. Eos veniam aliquid consectetur quis et. Possimus iste sint fuga ab enim ea facilis.', 2, '2022-12-15 12:59:01', '2022-12-15 12:59:01'),
(107, 'Zelma Stroman', 36, 'Atque et et quia. Optio sint quidem repudiandae ipsam molestiae cum nesciunt. Velit voluptatem aliquam enim at. Eaque dignissimos quaerat quae cum est.', 1, '2022-12-15 12:59:01', '2022-12-15 12:59:01'),
(108, 'Eden Bechtelar', 27, 'Dolorem necessitatibus ut velit maiores aliquid. Quia itaque dolor aut omnis aut minus. Sequi qui sunt aliquid quia et.', 1, '2022-12-15 12:59:01', '2022-12-15 12:59:01'),
(109, 'Miss Libby Nicolas', 17, 'Officia ullam odio quasi in dolorum. Doloremque debitis non suscipit quia. Recusandae est quis aut modi tempore assumenda. Aliquid voluptas nam vitae earum animi.', 3, '2022-12-15 12:59:01', '2022-12-15 12:59:01'),
(110, 'Dr. Adrain Ullrich', 44, 'Animi inventore alias id rerum. Magnam officia repellendus quo voluptate pariatur eius. Vel eum consequatur possimus ut nulla. Omnis minima possimus sed nesciunt ut.', 3, '2022-12-15 12:59:01', '2022-12-15 12:59:01'),
(111, 'Prof. Ottis Stiedemann PhD', 54, 'Earum voluptas dolore et numquam possimus asperiores quibusdam et. Iste delectus dignissimos dolor non officia fugit consequuntur. Alias aut sint veniam dolore similique quod.', 2, '2022-12-15 12:59:01', '2022-12-15 12:59:01'),
(112, 'Marcel Moore', 15, 'Expedita rerum facilis qui et et. Quam qui tempore aliquam enim aut. Molestiae inventore velit voluptatem quidem sed unde tenetur.', 1, '2022-12-15 12:59:01', '2022-12-15 12:59:01'),
(113, 'Afton Schiller', 33, 'Minima eveniet sed maxime dolor velit. Sit voluptas temporibus nisi quod enim facilis eum. Neque occaecati alias autem doloremque vel alias animi.', 3, '2022-12-15 12:59:01', '2022-12-15 12:59:01'),
(114, 'Miss Kasandra Kling III', 64, 'Dolorum tenetur corporis quibusdam corporis animi. Vel sint iusto eaque qui ut. Autem est ut nam quis officia voluptatem eos. Quo quis eius perferendis maxime explicabo iste.', 3, '2022-12-15 12:59:01', '2022-12-15 12:59:01'),
(115, 'Talia Corkery', 18, 'Sunt vel quos adipisci et quae quas. Quia omnis unde maxime ab. Reiciendis aut laborum recusandae illum. Eum rerum doloremque et.', 3, '2022-12-15 12:59:01', '2022-12-15 12:59:01'),
(116, 'Natalie Baumbach', 66, 'Sint dolore eos numquam sit voluptas eveniet quas. Iste vitae delectus alias placeat necessitatibus ut. Saepe ut et est doloribus.', 4, '2022-12-15 12:59:01', '2022-12-15 12:59:01'),
(117, 'Roberto Brakus IV', 89, 'Quo voluptatum adipisci dolor consequatur neque aspernatur. Sit est aperiam et non necessitatibus sed dolor. Sunt excepturi deleniti culpa ipsa quis.', 2, '2022-12-15 12:59:01', '2022-12-15 12:59:01'),
(118, 'Tyrell Wilderman', 54, 'Quo unde excepturi harum quod consequatur cumque. Itaque quam pariatur a vel. Pariatur est voluptatem impedit possimus tempore. Quasi nobis a dolor dolores error.', 4, '2022-12-15 12:59:02', '2022-12-15 12:59:02'),
(119, 'Felicia DuBuque DVM', 99, 'Debitis quos quam corrupti accusantium temporibus labore. Nulla aut explicabo perferendis odio laborum. Aut omnis dolorum et omnis saepe iure.', 3, '2022-12-15 12:59:02', '2022-12-15 12:59:02'),
(120, 'Abagail Kling Jr.', 15, 'Ex et temporibus esse earum laudantium laborum tempora. Dolores magnam labore quas quasi illo quis molestiae harum. Saepe officiis et animi soluta. Autem minus aut pariatur delectus in possimus.', 1, '2022-12-15 12:59:02', '2022-12-15 12:59:02'),
(121, 'Dr. Marlen Legros', 49, 'Tempora sunt doloremque quidem minima. Saepe ipsam ea quia ex. Saepe quis dolor sequi minus nihil quos quaerat. Officiis in delectus eius ipsa.', 1, '2022-12-15 12:59:02', '2022-12-15 12:59:02'),
(122, 'Mr. Bradford Bartell', 96, 'Et cumque laborum occaecati. Laboriosam ut ex nihil aut. Harum facilis aliquam ducimus iure quia sint. Magnam alias nihil provident necessitatibus. Aut est cum commodi voluptas nam.', 2, '2022-12-15 12:59:02', '2022-12-15 12:59:02'),
(123, 'Kameron Beatty', 74, 'Nihil tempora quo ut inventore inventore quos. Nihil consequatur ea non animi quia. Molestiae ullam perferendis provident facere assumenda.', 2, '2022-12-15 12:59:02', '2022-12-15 12:59:02'),
(124, 'Elijah Heaney Sr.', 9, 'Hic debitis harum commodi exercitationem alias quibusdam libero. Animi ut quo quia quo doloremque et. Enim error dolore vel nobis doloremque optio.', 5, '2022-12-15 12:59:02', '2022-12-15 12:59:02'),
(125, 'Giovanny Bailey', 55, 'Praesentium optio deserunt nisi fugit vitae cupiditate totam odio. Est blanditiis consequuntur qui laboriosam et. Dignissimos facilis autem unde magni.', 4, '2022-12-15 12:59:02', '2022-12-15 12:59:02'),
(126, 'Mr. Florian Koch', 10, 'Praesentium qui ut deleniti nobis quo hic qui aliquid. Nam laborum aliquid omnis doloremque quod neque quod consectetur. Ut sed labore voluptatem tempora quis porro. Blanditiis molestias est quo quisquam. Qui optio repellendus magnam illum deleniti quia voluptatum.', 4, '2022-12-15 12:59:02', '2022-12-15 12:59:02'),
(127, 'Miss Roselyn Sporer', 43, 'Ut mollitia ut voluptates. Nam itaque est illum ea velit. Aut nemo sit suscipit quo.', 0, '2022-12-15 12:59:02', '2022-12-15 12:59:02'),
(128, 'Elsie Kling DVM', 96, 'Corrupti facere amet voluptatibus mollitia est. Similique blanditiis qui suscipit assumenda laudantium voluptatum ut. Eaque explicabo accusantium fuga dolorem repellat sapiente.', 5, '2022-12-15 12:59:02', '2022-12-15 12:59:02'),
(129, 'Madyson Kuhlman', 32, 'Et est expedita ratione voluptate accusamus praesentium rem. Qui velit qui eos saepe numquam. Et quo harum id blanditiis. Sit reiciendis qui corrupti consequatur illum.', 1, '2022-12-15 12:59:02', '2022-12-15 12:59:02'),
(130, 'Nicole Jakubowski I', 98, 'Ipsum molestiae cumque sed tempora quia. Sapiente molestiae error modi in tenetur. Explicabo ipsum odio ea. Officia similique voluptatem tempora qui.', 3, '2022-12-15 12:59:02', '2022-12-15 12:59:02'),
(131, 'Claudine Barton', 29, 'Debitis rerum dolores voluptatum asperiores rerum eaque. Aut illo nihil fugiat praesentium. Voluptates consequuntur numquam aut ullam recusandae autem quis.', 1, '2022-12-15 12:59:02', '2022-12-15 12:59:02'),
(132, 'Dr. Theo Osinski', 86, 'Natus praesentium laudantium natus enim dignissimos vel. Hic ea fugit aliquid dolore aut consectetur omnis. Error explicabo eos iusto alias commodi hic. Placeat saepe optio qui ea et sed rem.', 1, '2022-12-15 12:59:02', '2022-12-15 12:59:02'),
(133, 'Miss Arianna Hammes', 67, 'Quo temporibus atque provident quo porro occaecati sint. Molestiae iusto reiciendis fugiat dolorem ut veritatis maxime. Consequatur consequatur veniam ut sequi.', 5, '2022-12-15 12:59:02', '2022-12-15 12:59:02'),
(134, 'Kiara Rowe', 48, 'Repellat aut corporis quas et culpa temporibus. Deleniti fugiat voluptates ipsa excepturi. Et unde harum rerum optio. Optio cum tempore quia rerum et quia autem. Consequatur id ullam qui inventore facilis.', 3, '2022-12-15 12:59:02', '2022-12-15 12:59:02'),
(135, 'Lloyd Hackett', 97, 'Vel est expedita repellat nostrum laboriosam modi. Impedit sed quo perspiciatis omnis officia. Et incidunt velit qui ipsam asperiores rerum voluptatem. Quo et et recusandae.', 4, '2022-12-15 12:59:02', '2022-12-15 12:59:02'),
(136, 'Prof. Macey Casper I', 61, 'Magnam inventore quibusdam eius et. Non quia et aspernatur aut ducimus. Qui repudiandae nostrum laudantium inventore quos quis. Nam recusandae aut qui esse aut esse et.', 1, '2022-12-15 12:59:02', '2022-12-15 12:59:02'),
(137, 'Mellie Kiehn', 70, 'Maiores deserunt dignissimos rerum nemo. Dolorem expedita quam ea nesciunt iure. Dolores in quas rerum cupiditate.', 2, '2022-12-15 12:59:02', '2022-12-15 12:59:02'),
(138, 'Larissa Lemke', 19, 'Delectus iure id laboriosam quibusdam non praesentium praesentium. Sit facilis consectetur accusamus rem debitis. Natus illo quia et tempore qui.', 1, '2022-12-15 12:59:02', '2022-12-15 12:59:02'),
(139, 'Prof. Jo Greenholt III', 27, 'Eum tempora accusantium provident eligendi. Optio est odio laboriosam et quae ea nisi.', 3, '2022-12-15 12:59:02', '2022-12-15 12:59:02'),
(140, 'Ms. Sister Reynolds', 8, 'Voluptatem quibusdam molestiae consequatur dolor. Tenetur magnam fugiat sed culpa omnis magni sequi. Sit facere soluta quisquam modi culpa.', 4, '2022-12-15 12:59:02', '2022-12-15 12:59:02'),
(141, 'Mrs. Lavonne Will', 67, 'Ad dolor non id tempore unde sit. Magni deserunt molestiae accusantium temporibus. Odio atque dignissimos veritatis ut corporis odio qui sed. Sit nisi dolorem ut eligendi tempora. Labore vel ad asperiores.', 1, '2022-12-15 12:59:02', '2022-12-15 12:59:02'),
(142, 'Drake Koelpin', 5, 'Molestiae enim perferendis natus totam id. Nulla earum ut quo. Accusantium harum delectus velit unde quia. Officiis eius non ex explicabo. Sapiente incidunt voluptatem maiores tempora.', 1, '2022-12-15 12:59:02', '2022-12-15 12:59:02'),
(143, 'Beverly Bosco DDS', 92, 'Debitis maxime eaque voluptatibus. Minus quo minus quia iure.', 4, '2022-12-15 12:59:02', '2022-12-15 12:59:02'),
(144, 'Wilber Kling', 95, 'Rerum harum dolor tempore. Illum voluptatem repudiandae provident similique veritatis aspernatur sed. Est accusamus nostrum rerum.', 3, '2022-12-15 12:59:02', '2022-12-15 12:59:02'),
(145, 'Patsy Cruickshank', 85, 'Esse dolores consequatur alias et enim repudiandae vel. In dolorem est voluptatum eius incidunt eligendi occaecati optio.', 5, '2022-12-15 12:59:03', '2022-12-15 12:59:03'),
(146, 'Mr. Tyrel Turcotte II', 55, 'Dolores rerum id nisi aperiam. Nulla quos veritatis voluptatem perferendis asperiores. Officia omnis nostrum temporibus unde odit. Enim sit delectus dolores. Qui dicta dolorem nemo nisi voluptate ducimus.', 5, '2022-12-15 12:59:03', '2022-12-15 12:59:03'),
(147, 'Garry Gislason', 40, 'Voluptatem est nihil impedit asperiores. Atque illo eveniet sequi earum est ut. Inventore rerum est officiis quis.', 5, '2022-12-15 12:59:03', '2022-12-15 12:59:03'),
(148, 'David Casper', 43, 'At quia voluptate quos et ad ullam. Iusto et iure nisi eius temporibus. Officiis laudantium sit quod impedit quam numquam soluta. Quia autem qui iusto eum impedit. Aut eius facere et voluptatem nisi illo.', 5, '2022-12-15 12:59:03', '2022-12-15 12:59:03'),
(149, 'Clarissa Rice IV', 45, 'Deleniti et quia aut non. Et et porro natus enim aut qui. Architecto sed mollitia quasi et ea laboriosam. Et reiciendis earum corrupti et totam cum culpa.', 1, '2022-12-15 12:59:03', '2022-12-15 12:59:03'),
(150, 'Mr. Sebastian Gusikowski', 53, 'Recusandae inventore voluptate ut commodi doloremque. Consequatur in qui cumque minima quaerat. Est id soluta quisquam non autem accusamus minima optio. Aut et incidunt veritatis.', 0, '2022-12-15 12:59:03', '2022-12-15 12:59:03'),
(151, 'Mr. Jared Kozey', 37, 'Magni non tempore vero. Rerum fuga est repellendus commodi iure itaque culpa nesciunt. Deleniti commodi sint consequatur pariatur. In nostrum consequatur omnis nihil quas eligendi quibusdam.', 5, '2022-12-15 12:59:03', '2022-12-15 12:59:03'),
(152, 'Mose Christiansen', 66, 'Occaecati sunt eveniet quam non perspiciatis et numquam. Enim doloremque voluptatem optio reiciendis dicta sequi eveniet nobis. Voluptatem et molestiae non minus sint consequatur quibusdam. Expedita non vel ut fugiat occaecati dolorem inventore et.', 5, '2022-12-15 12:59:03', '2022-12-15 12:59:03'),
(153, 'Ms. Heloise Kessler Jr.', 29, 'Cupiditate quo architecto laboriosam rerum praesentium magnam. In consequatur sed et enim harum doloremque magnam. Consequatur omnis iste velit magni. Aliquid et esse alias magni rerum rerum qui amet.', 1, '2022-12-15 12:59:03', '2022-12-15 12:59:03'),
(154, 'Bella Bartell', 68, 'Nulla qui voluptas dicta reprehenderit ipsa deleniti est. Autem corrupti sit est rerum. Eum omnis excepturi rem velit facilis est molestiae.', 3, '2022-12-15 12:59:03', '2022-12-15 12:59:03'),
(155, 'Jodie Prosacco', 75, 'Enim ipsum repudiandae dolorem blanditiis voluptatum. Repellat et et repellat ex animi at consequatur. Quis fuga sunt ipsam non. Modi nulla et debitis illo mollitia et minus.', 0, '2022-12-15 12:59:03', '2022-12-15 12:59:03'),
(156, 'Mrs. Romaine Reinger', 100, 'Est non vitae consequuntur molestias rerum. Eligendi nihil et occaecati expedita officiis veritatis inventore. Pariatur exercitationem pariatur qui soluta voluptatum quos accusamus et. Aut non autem aut qui.', 1, '2022-12-15 12:59:03', '2022-12-15 12:59:03'),
(157, 'Forest Schoen', 51, 'Culpa sapiente quibusdam qui nihil. Voluptates rem consequatur explicabo sint. Quibusdam laboriosam doloribus deleniti esse totam. Ullam aliquam ipsum ut suscipit. Asperiores facere dolorem et voluptatibus cupiditate numquam eius odio.', 0, '2022-12-15 12:59:03', '2022-12-15 12:59:03'),
(158, 'Ms. Vilma Breitenberg IV', 3, 'Numquam eius et reprehenderit facere. Ut nemo minima omnis sint est aspernatur exercitationem. Corporis aspernatur molestiae sunt reiciendis velit consequatur eos.', 2, '2022-12-15 12:59:03', '2022-12-15 12:59:03'),
(159, 'Dr. Lane Bernier I', 84, 'Est dolores vel sed sapiente provident. Et vitae nostrum sunt nostrum eos ea. Occaecati temporibus et omnis fugiat voluptatem. A maiores quia voluptatem alias.', 0, '2022-12-15 12:59:03', '2022-12-15 12:59:03'),
(160, 'Mittie Hettinger', 98, 'Fuga illo accusantium unde optio laudantium aut. Ut impedit reprehenderit in ex. Labore non rerum pariatur rerum vero sint ratione qui. Expedita et neque accusamus totam.', 2, '2022-12-15 12:59:03', '2022-12-15 12:59:03'),
(161, 'Dessie Reynolds Sr.', 44, 'Id quaerat ut nesciunt qui neque quis adipisci. Quidem accusantium eligendi fuga facere placeat reprehenderit et. Quo laudantium nulla vel autem omnis dolor. At iure iure fugit ullam veniam.', 4, '2022-12-15 12:59:03', '2022-12-15 12:59:03'),
(162, 'Bartholome Lueilwitz', 69, 'Quo laudantium aut facilis et omnis voluptatem quis libero. Laboriosam nisi quidem optio et.', 1, '2022-12-15 12:59:03', '2022-12-15 12:59:03'),
(163, 'Miss Oceane Hoeger MD', 74, 'Adipisci unde iusto qui mollitia ut aut. Nisi aut modi ratione et dolorem aut quod. Ut et modi dolores vitae inventore iste vel.', 5, '2022-12-15 12:59:03', '2022-12-15 12:59:03'),
(164, 'Gerry Batz', 29, 'Quisquam est quo veritatis assumenda ullam. Quis aspernatur commodi officiis amet culpa.', 2, '2022-12-15 12:59:03', '2022-12-15 12:59:03'),
(165, 'Odie Fay II', 85, 'Ad quidem officia aut sed maxime nisi dolore non. Corporis libero neque consequuntur nihil sunt velit. Velit blanditiis asperiores iusto et.', 1, '2022-12-15 12:59:03', '2022-12-15 12:59:03'),
(166, 'Nathaniel Shields', 62, 'Dolore placeat natus temporibus aperiam. Nobis ut minus vel consequatur consectetur et fuga. Fuga beatae rerum id sunt. Dolores laudantium tenetur eum.', 3, '2022-12-15 12:59:03', '2022-12-15 12:59:03'),
(167, 'Ernest Heathcote', 3, 'Illum voluptate dicta natus quidem voluptatum repudiandae dolore. Aspernatur omnis harum dolorem. Non inventore consectetur repellat.', 2, '2022-12-15 12:59:03', '2022-12-15 12:59:03'),
(168, 'Erika Kulas', 28, 'Harum sed at error dolorem et id. Asperiores ab aspernatur laboriosam ut. Expedita dolore nostrum qui omnis.', 2, '2022-12-15 12:59:04', '2022-12-15 12:59:04'),
(169, 'Mr. Salvatore Bins III', 23, 'Laboriosam labore delectus neque dolores et dicta voluptatem earum. Laudantium qui id velit assumenda error nam optio. Sit aut tempora aut voluptatibus voluptatem. Eligendi et eos maxime aut alias eos. Voluptas sit nihil qui sint nihil et.', 5, '2022-12-15 12:59:04', '2022-12-15 12:59:04'),
(170, 'Prof. Benton Hackett', 92, 'Alias alias vel quasi quia. Vel commodi ut error.', 2, '2022-12-15 12:59:04', '2022-12-15 12:59:04'),
(171, 'Graciela Dooley', 69, 'Aut sint accusamus odio necessitatibus vel vel. Est ab dolor consequatur quia. Perspiciatis odio unde minima explicabo voluptate quas voluptatem.', 5, '2022-12-15 12:59:04', '2022-12-15 12:59:04'),
(172, 'Simeon Lueilwitz', 92, 'Rerum dolor aut omnis iusto. Illum ducimus veritatis blanditiis ut.', 2, '2022-12-15 12:59:04', '2022-12-15 12:59:04'),
(173, 'Percival Emard', 2, 'Id quidem maiores et vero et sint fugit. Eligendi quia sint officiis cupiditate nobis. Rerum voluptatum aliquam in eos ut voluptatem. Quibusdam temporibus ullam exercitationem officiis odio quisquam. Dolorem impedit possimus dolores.', 1, '2022-12-15 12:59:04', '2022-12-15 12:59:04'),
(174, 'Mr. Jeramy Bogan', 51, 'Fugit quia quibusdam numquam tempore alias. Molestias placeat ipsam laudantium omnis officia voluptate. Suscipit et eligendi sequi consequatur.', 4, '2022-12-15 12:59:04', '2022-12-15 12:59:04'),
(175, 'Mr. Jevon Pfannerstill III', 43, 'Voluptas recusandae non quod nemo. Suscipit qui ut doloribus consequuntur culpa blanditiis. Nulla natus qui cum inventore et. Maiores velit explicabo similique distinctio.', 2, '2022-12-15 12:59:04', '2022-12-15 12:59:04'),
(176, 'Jakob Gutmann', 10, 'Placeat a est laboriosam nostrum. Illo impedit laboriosam nemo consectetur nulla maxime sint et. Et iure dolorum ad. Enim quasi ut eveniet sit quia quos. Veniam alias et cum occaecati odit quibusdam consectetur.', 1, '2022-12-15 12:59:04', '2022-12-15 12:59:04'),
(177, 'Velva Douglas', 95, 'Tempore totam quisquam eligendi dolor quis est. Omnis cupiditate et et consectetur hic. Tempora ipsum non qui ducimus.', 2, '2022-12-15 12:59:04', '2022-12-15 12:59:04'),
(178, 'Dax Hansen', 17, 'Consectetur non non error magnam facere. Placeat veritatis consequuntur voluptatem et pariatur mollitia nobis autem. In ut iste recusandae nihil. A quo perspiciatis natus voluptatem dolorum libero veniam.', 1, '2022-12-15 12:59:04', '2022-12-15 12:59:04'),
(179, 'Fred Morar', 7, 'Mollitia minima molestias in ipsa ut. Beatae ratione quis deserunt consectetur quos. Impedit consectetur corporis consectetur quos. Nam expedita et dolor labore nobis.', 3, '2022-12-15 12:59:04', '2022-12-15 12:59:04'),
(180, 'Leone Cartwright', 28, 'Ab quaerat autem eos eaque veniam. Voluptatem tempora illo nihil. Eius dignissimos doloremque ab aut. Suscipit doloremque quis voluptate. Explicabo optio fugiat cupiditate minus.', 2, '2022-12-15 12:59:04', '2022-12-15 12:59:04'),
(181, 'Nola Thiel', 44, 'Sit ullam architecto earum laudantium sint est. Et quaerat exercitationem enim consequatur pariatur consectetur incidunt. Ipsum maxime blanditiis eveniet id aspernatur velit ipsa. Est a qui consequuntur.', 5, '2022-12-15 12:59:04', '2022-12-15 12:59:04'),
(182, 'Prof. Rhoda Brown Jr.', 96, 'Dolores perspiciatis dicta magni in quam quo ut. Animi amet omnis nobis sit assumenda et. Autem natus porro inventore quae eveniet esse. Eveniet dolore voluptatem tenetur voluptate.', 0, '2022-12-15 12:59:04', '2022-12-15 12:59:04'),
(183, 'Edwin McLaughlin', 60, 'Ut accusantium accusamus incidunt aliquid rem. Animi reiciendis alias corporis. Corrupti autem hic quibusdam occaecati perferendis doloribus.', 3, '2022-12-15 12:59:04', '2022-12-15 12:59:04'),
(184, 'Kara O\'Connell MD', 69, 'Est nulla velit aut odit. Et officia quia amet sit. Molestias impedit facere sint cum. Est magnam ut aut recusandae et sequi non.', 1, '2022-12-15 12:59:04', '2022-12-15 12:59:04'),
(185, 'Luz Wyman', 66, 'Quidem est aut iste accusantium. Nulla voluptatem ab quae distinctio. Ut ut ullam officia sapiente. Autem doloribus perferendis natus sunt animi aut.', 3, '2022-12-15 12:59:04', '2022-12-15 12:59:04'),
(186, 'Spencer Koepp DDS', 59, 'Mollitia impedit laboriosam nisi. Ea eveniet harum delectus ex aliquam magni assumenda et. Unde itaque molestias laboriosam corporis. Dolore eos ducimus cum consequuntur.', 0, '2022-12-15 12:59:04', '2022-12-15 12:59:04'),
(187, 'Scarlett Beatty', 51, 'Ea harum quo inventore qui facere. Commodi consequatur consectetur nisi voluptatem accusantium in neque voluptas. Sit ut consequatur aut sed beatae sapiente voluptas quaerat. Voluptatem adipisci aut voluptatem.', 4, '2022-12-15 12:59:04', '2022-12-15 12:59:04'),
(188, 'Karelle Parisian', 12, 'Voluptas ex delectus eveniet voluptatem nihil veniam impedit earum. Eligendi tempora qui officia eveniet quia. Quos voluptatem blanditiis aut.', 1, '2022-12-15 12:59:04', '2022-12-15 12:59:04'),
(189, 'Jules Waters', 28, 'Et quo dolorem ducimus dignissimos natus sint dolores dignissimos. Et fugit saepe adipisci natus ducimus repudiandae.', 3, '2022-12-15 12:59:04', '2022-12-15 12:59:04'),
(190, 'Estel Considine III', 49, 'Voluptatibus itaque maxime ut consequatur id. Explicabo blanditiis aut eligendi quae. Excepturi sed ex itaque blanditiis dolorem. Recusandae cum minus voluptatem minima tempore. Vel ipsa qui reiciendis harum esse.', 1, '2022-12-15 12:59:04', '2022-12-15 12:59:04'),
(191, 'Camila Kunze', 77, 'Accusamus libero qui minus debitis maiores repellendus rem. Laborum quasi omnis id maiores natus. Perferendis et distinctio consectetur reiciendis.', 4, '2022-12-15 12:59:04', '2022-12-15 12:59:04'),
(192, 'Jamison Turner', 96, 'Aperiam rerum quaerat odio distinctio at. Autem unde omnis vel. Autem voluptatem maiores sunt rerum est aut. Sed optio accusamus repellendus debitis.', 1, '2022-12-15 12:59:05', '2022-12-15 12:59:05'),
(193, 'Ari Altenwerth', 34, 'Aliquam explicabo animi quis maiores dolor vitae asperiores. Est aliquam quia delectus sunt enim ea. Non aut quia quos quaerat ut esse laboriosam. Vitae neque quae eveniet est necessitatibus est voluptatem.', 3, '2022-12-15 12:59:05', '2022-12-15 12:59:05'),
(194, 'Verdie Stanton', 80, 'Commodi quis molestias voluptatum amet eum sint. Saepe necessitatibus et tempora ratione aspernatur nobis. Et explicabo nisi explicabo possimus. Accusamus et tenetur aspernatur explicabo.', 4, '2022-12-15 12:59:05', '2022-12-15 12:59:05'),
(195, 'Jazmyne Williamson PhD', 67, 'Enim perferendis aliquid et voluptates odio quidem sed porro. Sit eum impedit facere ducimus commodi voluptas. Ratione sequi itaque sint amet quo dolor.', 3, '2022-12-15 12:59:05', '2022-12-15 12:59:05'),
(196, 'Stanton Lesch', 65, 'Qui quia ut harum. Et natus inventore tempore optio non. Sint consectetur quas blanditiis repudiandae.', 5, '2022-12-15 12:59:05', '2022-12-15 12:59:05'),
(197, 'Ms. Dolly Heathcote', 90, 'Officia et consequatur beatae placeat et. Laborum commodi est esse autem. Et sunt alias consectetur nam et.', 0, '2022-12-15 12:59:05', '2022-12-15 12:59:05'),
(198, 'Mustafa Mertz', 1, 'Qui modi sit recusandae. Dolor aut qui et perferendis explicabo cumque. Qui quisquam deserunt sit nam nulla. Et non distinctio quae aliquam ut. Sunt sapiente iste cum veniam in sunt inventore rerum.', 5, '2022-12-15 12:59:05', '2022-12-15 12:59:05'),
(199, 'Mrs. Hettie Hoppe', 24, 'Enim aspernatur ut molestiae facere quos. Corrupti nam hic quia ut ab velit. Laborum dolorum maxime porro pariatur aliquam.', 1, '2022-12-15 12:59:05', '2022-12-15 12:59:05'),
(200, 'Prof. Christy Doyle', 81, 'Similique aliquam et possimus sapiente. Odit enim consequatur non corporis aut. Et placeat at nam est vitae laudantium adipisci. Enim et error eum laudantium.', 4, '2022-12-15 12:59:05', '2022-12-15 12:59:05'),
(201, 'Guadalupe Beier', 22, 'Ea quidem ab doloribus provident officia ipsam. Debitis dolores rem et nisi.', 0, '2022-12-15 12:59:05', '2022-12-15 12:59:05'),
(202, 'Dr. Wellington Marvin III', 71, 'Vitae natus assumenda enim dolores. Blanditiis modi illo eius quas quidem et eum. Ipsam neque earum aut temporibus. Maxime molestiae in nihil amet ea doloremque. Fugiat rem inventore tenetur vel eos.', 4, '2022-12-15 12:59:05', '2022-12-15 12:59:05'),
(203, 'Ricardo Oberbrunner PhD', 26, 'Vel facilis quo deleniti occaecati dolor quia. Sit eaque et quisquam atque consequuntur nihil quidem. Iste dolores nihil ut possimus illo dolorem ad. Ad voluptate sint et delectus cum et quo.', 5, '2022-12-15 12:59:05', '2022-12-15 12:59:05'),
(204, 'Halle Strosin', 90, 'Quia cupiditate quo soluta reiciendis. Qui debitis sunt dolore est omnis id incidunt asperiores. Corrupti ipsam cum veritatis sit.', 5, '2022-12-15 12:59:05', '2022-12-15 12:59:05'),
(205, 'Dasia Pollich', 54, 'Sunt molestiae excepturi sunt et asperiores consectetur mollitia. Asperiores nulla itaque assumenda aperiam. Quo temporibus quasi eligendi.', 1, '2022-12-15 12:59:05', '2022-12-15 12:59:05'),
(206, 'Deion Wilkinson MD', 46, 'Ipsa quasi tempore harum aut possimus. Qui dolores quia unde placeat. Impedit autem dolor incidunt excepturi cum sit voluptas. Iste fugit ut ratione omnis porro eos.', 1, '2022-12-15 12:59:05', '2022-12-15 12:59:05'),
(207, 'Dr. Alejandrin Wolf II', 29, 'Eveniet explicabo aliquam dolores enim animi ad. Illo sapiente molestias hic. Molestias voluptatem vitae consequatur ut quia. Dolor cupiditate in est natus. Accusantium dolores consequatur et alias.', 3, '2022-12-15 12:59:05', '2022-12-15 12:59:05'),
(208, 'Dejon Hickle', 90, 'Ab repudiandae quia voluptatem nemo. Qui perspiciatis voluptatem fugit et rerum facilis omnis. Dolor perferendis ex dolores blanditiis in at. Enim voluptas alias eum consequatur sed ut.', 3, '2022-12-15 12:59:05', '2022-12-15 12:59:05'),
(209, 'Bria Gulgowski DVM', 63, 'Aut accusamus ullam placeat eius. Et fugiat est sint ut hic necessitatibus. Et molestiae occaecati nihil saepe. Sit nisi similique deleniti praesentium et voluptatum est.', 3, '2022-12-15 12:59:05', '2022-12-15 12:59:05');
INSERT INTO `reviews` (`id`, `customer`, `product_id`, `review`, `star`, `created_at`, `updated_at`) VALUES
(210, 'Raymond Kuhlman', 16, 'Quia molestiae et temporibus velit asperiores id omnis. Fuga neque necessitatibus aperiam ipsa nisi dolorem. Rem modi eum aut qui sint labore quisquam veritatis.', 3, '2022-12-15 12:59:05', '2022-12-15 12:59:05'),
(211, 'Selina Rolfson MD', 95, 'Dolores quibusdam enim nam eius voluptatem dignissimos. Aut suscipit nobis voluptates suscipit recusandae voluptas. Veniam nihil architecto iste distinctio. Et odit non et itaque est earum. Omnis ut consequatur impedit voluptatem quos ea.', 2, '2022-12-15 12:59:05', '2022-12-15 12:59:05'),
(212, 'Prof. Casimir Harber Sr.', 6, 'Non in sit aut vel laboriosam praesentium. Eius debitis blanditiis rerum eaque aperiam saepe. Temporibus esse aut sed est ea dolorum harum. Aspernatur quia accusamus cumque porro consequatur.', 5, '2022-12-15 12:59:05', '2022-12-15 12:59:05'),
(213, 'Mr. Keyshawn Ferry Jr.', 47, 'Eaque repudiandae est et sit est enim. Totam ex vel adipisci non.', 1, '2022-12-15 12:59:05', '2022-12-15 12:59:05'),
(214, 'Alexandra Baumbach', 90, 'Dicta sed perspiciatis assumenda veniam. Velit omnis distinctio repellendus eius dolores rerum. Cumque nostrum tempore accusantium rem et et rerum. Quia saepe qui ut.', 5, '2022-12-15 12:59:05', '2022-12-15 12:59:05'),
(215, 'Dr. Joshua Turner DDS', 66, 'Et nihil enim omnis nulla. Dolorem vero sint quis odio voluptatem. Corrupti sint delectus molestiae non. Ut occaecati omnis enim earum. Dignissimos mollitia amet quia tempore quia minus et molestias.', 2, '2022-12-15 12:59:05', '2022-12-15 12:59:05'),
(216, 'Mr. Orval Bechtelar', 4, 'Et repellendus ex itaque dolores fuga illum. Rerum quibusdam voluptas corrupti voluptatibus. Ut in id est eum. Ea et officiis tempore explicabo et veritatis voluptas quia.', 4, '2022-12-15 12:59:05', '2022-12-15 12:59:05'),
(217, 'Hilario Toy', 89, 'Laborum ipsa vel corporis distinctio commodi quaerat doloribus. Unde qui et placeat id laborum tempora ducimus dolor. Eos eveniet dolore placeat nostrum iusto.', 2, '2022-12-15 12:59:05', '2022-12-15 12:59:05'),
(218, 'Miss Rhianna Zieme', 75, 'Totam tenetur esse modi voluptatem dolorem iure cumque. A porro occaecati veniam optio similique. Porro eveniet est qui qui quo dolorum similique. Quibusdam quidem incidunt rerum et enim autem animi. Nam beatae libero aut blanditiis sit quasi.', 3, '2022-12-15 12:59:05', '2022-12-15 12:59:05'),
(219, 'Bernard Auer II', 73, 'Libero sunt ipsam rerum doloribus explicabo. Quos et ipsam voluptatem et facilis. Cupiditate blanditiis voluptatem unde ut natus.', 4, '2022-12-15 12:59:05', '2022-12-15 12:59:05'),
(220, 'Prof. Zelda Thiel', 68, 'Enim sunt est cupiditate. Cupiditate id ut amet suscipit. Ad facilis voluptate placeat rerum debitis corporis dolor.', 4, '2022-12-15 12:59:05', '2022-12-15 12:59:05'),
(221, 'Prof. Claude Macejkovic', 77, 'Nemo labore in quia cupiditate unde enim odit. Eum atque perferendis totam ipsa quo mollitia aut. Commodi cumque non quidem est fuga ut.', 0, '2022-12-15 12:59:06', '2022-12-15 12:59:06'),
(222, 'Prof. Sylvester Sipes', 87, 'Nemo consequatur autem quisquam voluptas ut ut. Sequi perferendis odit temporibus blanditiis aut aut. Accusamus dolores voluptatem esse. Molestiae eum facere deleniti nihil incidunt et ut.', 0, '2022-12-15 12:59:06', '2022-12-15 12:59:06'),
(223, 'Dr. Ruthie Lynch', 60, 'Recusandae et vel minima voluptatem. Voluptatem dolor cupiditate omnis accusamus repellat quam qui.', 0, '2022-12-15 12:59:06', '2022-12-15 12:59:06'),
(224, 'Preston Roob Sr.', 41, 'Sint possimus placeat est aliquam est asperiores. Eligendi nobis delectus voluptatibus quia. Libero cumque veniam consequatur at adipisci dolor. Magnam suscipit autem eos porro magnam culpa.', 2, '2022-12-15 12:59:06', '2022-12-15 12:59:06'),
(225, 'Edison Nicolas', 10, 'Inventore voluptatibus et iure suscipit fugiat quia impedit. Rem nam cum pariatur adipisci. Cumque magnam iure illum dolores deleniti maxime.', 1, '2022-12-15 12:59:06', '2022-12-15 12:59:06'),
(226, 'Dr. Javon Luettgen II', 72, 'Autem quae aut facilis officia. Necessitatibus tempora quia sapiente quis quas.', 5, '2022-12-15 12:59:06', '2022-12-15 12:59:06'),
(227, 'Sarina Gibson', 85, 'A esse ipsum id molestiae. Sint quasi est et amet sit possimus. Libero iusto nihil delectus veniam id quo. Aperiam omnis dolores tempora laborum.', 4, '2022-12-15 12:59:06', '2022-12-15 12:59:06'),
(228, 'Horace Lang', 74, 'Et voluptas veritatis cum aut quo quod veritatis. Ut mollitia nesciunt consequuntur aspernatur expedita aliquid. Velit facilis dolorem hic. Dolor at rerum ut voluptates quam.', 4, '2022-12-15 12:59:06', '2022-12-15 12:59:06'),
(229, 'Schuyler Bruen', 22, 'Vero voluptate asperiores voluptatibus nihil itaque atque. Praesentium consequatur expedita odit ipsum labore. Ab laborum ut dolor sint. Quam excepturi omnis facere molestiae et quisquam et.', 0, '2022-12-15 12:59:06', '2022-12-15 12:59:06'),
(230, 'Wyman Wiza', 93, 'Autem aut sed est. Et quia sed sint vel esse incidunt. Voluptates qui aliquam omnis reprehenderit a.', 2, '2022-12-15 12:59:06', '2022-12-15 12:59:06'),
(231, 'Orion Cremin', 42, 'Necessitatibus quos maiores mollitia enim deserunt expedita aperiam. Nesciunt minus impedit quia qui exercitationem commodi. Nihil ab ipsa sit aut amet sequi ullam.', 2, '2022-12-15 12:59:06', '2022-12-15 12:59:06'),
(232, 'Mr. Izaiah Considine PhD', 41, 'Ad sed totam voluptas. Quis suscipit quis tenetur sint laboriosam voluptates. Illo ipsam enim at et veniam.', 2, '2022-12-15 12:59:06', '2022-12-15 12:59:06'),
(233, 'Cecil Koch', 66, 'Tempore aspernatur sint voluptas voluptatem. Id rerum asperiores ratione laborum earum sed in. Optio eveniet animi ab. Qui blanditiis fuga eos.', 5, '2022-12-15 12:59:06', '2022-12-15 12:59:06'),
(234, 'Alanna Nienow', 46, 'Beatae at nam autem ratione. Aut molestias quia beatae eos quaerat. Quaerat praesentium voluptas vel et quis. Dolorem officia vitae unde nesciunt nemo.', 4, '2022-12-15 12:59:06', '2022-12-15 12:59:06'),
(235, 'Kirstin Goodwin', 3, 'Aliquam dolor ea qui dolore quia. Est qui corporis in repudiandae earum illum. Amet aperiam voluptatum doloribus recusandae dolorum soluta fugiat nulla.', 1, '2022-12-15 12:59:06', '2022-12-15 12:59:06'),
(236, 'Mr. Abel Mertz Jr.', 74, 'Quas ad est architecto expedita. Ut nesciunt vel doloribus rerum nulla. Quod eos quo quidem enim.', 3, '2022-12-15 12:59:06', '2022-12-15 12:59:06'),
(237, 'Ms. Wendy Hodkiewicz V', 89, 'Sunt ipsum ad sit corporis doloremque et et vel. Possimus error sed rem placeat. Porro eum non tempora quasi fugit voluptatum voluptatibus. Sint et et quam sed.', 5, '2022-12-15 12:59:06', '2022-12-15 12:59:06'),
(238, 'Leila Strosin', 19, 'Neque dicta voluptates est. Quo facere quia sed accusantium.', 0, '2022-12-15 12:59:06', '2022-12-15 12:59:06'),
(239, 'Mr. Fabian Stark', 64, 'Quidem dolorem veniam nihil labore. Fugit vitae debitis ea voluptatem ipsa quae voluptas. Ipsum est et est velit laborum asperiores unde.', 4, '2022-12-15 12:59:06', '2022-12-15 12:59:06'),
(240, 'Darien Howe', 81, 'Sunt maxime non eum iure. Eaque aut pariatur est illum. Numquam autem itaque rem doloribus ab cum voluptas.', 0, '2022-12-15 12:59:06', '2022-12-15 12:59:06'),
(241, 'Miss Lavinia Schamberger', 43, 'Est quae ut dolore atque accusantium sit. Consequuntur voluptate consequuntur reiciendis temporibus in quisquam porro. Fugiat harum deleniti illo.', 4, '2022-12-15 12:59:06', '2022-12-15 12:59:06'),
(242, 'Pink Kerluke', 96, 'Aut molestias itaque perspiciatis ab maiores rerum animi. Quibusdam non provident est earum voluptas nobis. Repellat voluptatem veritatis totam perferendis. Ut beatae et earum doloremque nesciunt. Et voluptas voluptas dolores est consectetur consequatur id labore.', 0, '2022-12-15 12:59:06', '2022-12-15 12:59:06'),
(243, 'Evert Nicolas', 90, 'Itaque est sunt nostrum voluptatem ea tenetur in. Quibusdam nemo minus eos. Reiciendis autem dolorem natus laboriosam hic et. Deserunt quaerat ipsum qui in illo corporis temporibus rerum.', 5, '2022-12-15 12:59:06', '2022-12-15 12:59:06'),
(244, 'Candida Gerhold', 10, 'Dignissimos non commodi quas ut soluta voluptatum in animi. Accusantium et fuga non sed quaerat nihil. Magnam aut tempore placeat ut quod officia accusamus.', 5, '2022-12-15 12:59:06', '2022-12-15 12:59:06'),
(245, 'Ms. Marcelina Baumbach Jr.', 64, 'Sit et molestias ut alias et. Praesentium ut provident magnam neque. Eius esse autem voluptatem velit nesciunt vitae eaque.', 0, '2022-12-15 12:59:06', '2022-12-15 12:59:06'),
(246, 'Alessandro Kreiger', 38, 'Omnis saepe labore sit neque. Rerum est corporis totam ut consectetur enim.', 1, '2022-12-15 12:59:06', '2022-12-15 12:59:06'),
(247, 'Isabell Hackett', 64, 'Aut quis qui incidunt et quo. Autem consequatur ut excepturi et nesciunt. Commodi et temporibus et sunt nostrum. Ipsum voluptates et reprehenderit totam tempore exercitationem et.', 3, '2022-12-15 12:59:07', '2022-12-15 12:59:07'),
(248, 'Winifred Zulauf PhD', 47, 'Ad sequi nemo incidunt vel. Doloremque magnam ut omnis est eum magnam. Architecto consectetur similique enim non. Eligendi consequatur accusantium magnam voluptatem.', 4, '2022-12-15 12:59:07', '2022-12-15 12:59:07'),
(249, 'Easton Schmeler', 11, 'Sint sed pariatur atque dolores delectus amet aperiam. Quae sint saepe eveniet omnis commodi provident provident voluptates. Et totam expedita quidem optio vel est omnis. Velit est quo sapiente ipsum blanditiis adipisci quia ex.', 1, '2022-12-15 12:59:07', '2022-12-15 12:59:07'),
(250, 'Vada Kuhic I', 13, 'Atque omnis et est iure sed alias. Est aperiam minima explicabo incidunt est rerum. Iste illum ut laborum excepturi qui aliquam unde.', 5, '2022-12-15 12:59:07', '2022-12-15 12:59:07'),
(251, 'Green Carter', 75, 'Quod possimus impedit voluptas iure. Unde nulla asperiores omnis illo sit possimus. Consequatur eos ipsa eum autem ducimus.', 5, '2022-12-15 12:59:07', '2022-12-15 12:59:07'),
(252, 'Graham DuBuque', 77, 'Ullam praesentium qui at pariatur et cum veritatis ut. Iure rerum unde delectus doloremque assumenda aut. Omnis asperiores numquam et aut temporibus laborum.', 3, '2022-12-15 12:59:07', '2022-12-15 12:59:07'),
(253, 'Constantin Kunde', 67, 'Autem eaque consequatur autem omnis magnam ut autem aut. Velit quis et minima rerum ipsum totam. Nihil illo eligendi harum ab inventore nisi recusandae velit. Officiis et labore consequuntur in quia.', 5, '2022-12-15 12:59:07', '2022-12-15 12:59:07'),
(254, 'Quincy Kozey', 85, 'Eveniet natus quo rem ut laborum. Aut sint recusandae enim explicabo sapiente asperiores. Soluta voluptates ipsum omnis ipsum aspernatur eius voluptas.', 5, '2022-12-15 12:59:07', '2022-12-15 12:59:07'),
(255, 'Deon Nikolaus DVM', 3, 'Est magnam animi in. Alias ut non ullam incidunt accusamus voluptas autem. Temporibus minima ea ea voluptas. Ex voluptate culpa ad omnis in voluptas.', 0, '2022-12-15 12:59:07', '2022-12-15 12:59:07'),
(256, 'Roosevelt Harris', 73, 'Qui est occaecati dolores. Libero eligendi voluptas cum praesentium cumque aut optio. Nobis perferendis voluptatem fugit laborum repudiandae. Et quisquam voluptatem saepe aut iste veniam.', 5, '2022-12-15 12:59:07', '2022-12-15 12:59:07'),
(257, 'Geraldine Lemke MD', 18, 'Natus consequatur est magni quae sunt quia neque. Est laboriosam ducimus consectetur ipsam nihil suscipit sed. Quibusdam qui sint sint provident praesentium quos. Quia et pariatur voluptatem impedit.', 2, '2022-12-15 12:59:07', '2022-12-15 12:59:07'),
(258, 'Prof. Clemmie Kreiger V', 67, 'Ea consequatur eos molestiae. Aliquid enim nobis voluptate fuga natus amet. Excepturi qui voluptatum reprehenderit ratione corrupti ratione qui.', 4, '2022-12-15 12:59:07', '2022-12-15 12:59:07'),
(259, 'Madelyn Boyer', 77, 'Ut nulla debitis odio nihil facere. Qui maiores placeat autem laboriosam at adipisci. Voluptatum et occaecati quibusdam sunt asperiores. Dolor ipsa molestias aut. Delectus aut rerum qui saepe dolorem ea consectetur saepe.', 2, '2022-12-15 12:59:07', '2022-12-15 12:59:07'),
(260, 'Elna Fisher', 12, 'Delectus nostrum voluptatum quas. Deleniti dignissimos aliquid natus illo doloremque tenetur at. Fugit voluptatem aut tempora ad alias asperiores aut. Possimus omnis et sed error corporis sint.', 4, '2022-12-15 12:59:07', '2022-12-15 12:59:07'),
(261, 'Eudora McLaughlin', 64, 'Porro fugiat itaque et aut nihil dolorem ipsa. Natus natus earum reprehenderit voluptate. Commodi ut aut fuga aut quasi quis aut.', 5, '2022-12-15 12:59:07', '2022-12-15 12:59:07'),
(262, 'Virgie Graham', 29, 'Necessitatibus incidunt exercitationem omnis dolor numquam. Quis totam quo quas aut dolorum sint minima. Quia eum quia velit voluptatem sit fugit facere.', 2, '2022-12-15 12:59:07', '2022-12-15 12:59:07'),
(263, 'Dr. Natalia Langosh V', 97, 'Dignissimos consequatur quae quia nisi. Et consequatur omnis rerum temporibus soluta numquam ipsam. Tenetur est qui voluptate a error iste odit ea.', 5, '2022-12-15 12:59:07', '2022-12-15 12:59:07'),
(264, 'Herminia Bernhard', 69, 'Aut ab et nulla est et explicabo. Amet qui alias ratione velit. Delectus consequatur aut velit fugit sed.', 3, '2022-12-15 12:59:07', '2022-12-15 12:59:07'),
(265, 'Dr. Eva Dibbert', 75, 'Saepe natus omnis reprehenderit exercitationem ipsum ab voluptatem. Amet repellat porro nemo ut repellat. Incidunt voluptates maiores eveniet laboriosam et. Voluptatum officia eveniet ullam officia voluptate consequatur nisi.', 1, '2022-12-15 12:59:07', '2022-12-15 12:59:07'),
(266, 'Blaise Brekke', 48, 'Inventore autem iusto voluptatem minima sed sed. Est reiciendis repudiandae inventore rerum aperiam. Sed ex est et vero quia quam perspiciatis.', 1, '2022-12-15 12:59:07', '2022-12-15 12:59:07'),
(267, 'Godfrey Bechtelar', 41, 'Maxime est et explicabo debitis. Nemo harum expedita repellendus. Totam minus ipsam debitis culpa possimus.', 5, '2022-12-15 12:59:07', '2022-12-15 12:59:07'),
(268, 'Ezekiel Koch PhD', 55, 'Minus laboriosam ea sint delectus vero vitae. Distinctio dolor et blanditiis sit animi consequuntur maiores molestiae. Odit aut qui minima.', 0, '2022-12-15 12:59:07', '2022-12-15 12:59:07'),
(269, 'Prof. Christopher Bogan IV', 8, 'Omnis fugit officiis veniam ex nam voluptatum. Blanditiis molestiae dolorem odit numquam. Quasi quis quisquam eaque. Saepe voluptas qui similique rerum mollitia eveniet accusantium.', 0, '2022-12-15 12:59:07', '2022-12-15 12:59:07'),
(270, 'Samantha Schuppe', 8, 'Accusamus nobis aspernatur aspernatur quia. Recusandae qui temporibus ratione ut tenetur sunt nostrum.', 2, '2022-12-15 12:59:07', '2022-12-15 12:59:07'),
(271, 'Mrs. Vanessa Kuphal II', 83, 'Debitis dolorem debitis et aut assumenda earum. Velit incidunt pariatur maiores nemo possimus ducimus sed. Corrupti tempora eum eligendi aut deserunt quisquam soluta.', 3, '2022-12-15 12:59:07', '2022-12-15 12:59:07'),
(272, 'Tomas Blanda Sr.', 37, 'Non neque maxime reprehenderit est ut. Reiciendis sit dolorem iusto et est quos est. Et quasi sit sed quia consequatur rerum eum ut. Vitae officia voluptates omnis voluptatem ipsam sapiente officiis.', 2, '2022-12-15 12:59:07', '2022-12-15 12:59:07'),
(273, 'Dr. Josie Hessel MD', 77, 'Quasi rem numquam eos rerum quo labore. Voluptatum odit maxime exercitationem enim.', 2, '2022-12-15 12:59:07', '2022-12-15 12:59:07'),
(274, 'Uriah Heller', 51, 'Non provident unde eum voluptatem maxime iusto voluptas. Dolor reiciendis architecto illum itaque.', 3, '2022-12-15 12:59:07', '2022-12-15 12:59:07'),
(275, 'Sigmund O\'Connell', 76, 'Doloribus ex quidem reprehenderit eveniet rem odio. Illo molestiae asperiores officiis ut sunt cumque. Eos non qui beatae sunt consequuntur est fuga.', 3, '2022-12-15 12:59:08', '2022-12-15 12:59:08'),
(276, 'Ms. Jaida Gottlieb', 25, 'Aut deleniti et qui quia. Nulla qui voluptas nihil amet omnis. Dignissimos maiores qui velit nihil.', 3, '2022-12-15 12:59:08', '2022-12-15 12:59:08'),
(277, 'Obie Huels', 54, 'Ducimus sequi rerum officiis qui voluptates et et. Incidunt quia explicabo magni qui autem. Porro assumenda recusandae nobis impedit.', 5, '2022-12-15 12:59:08', '2022-12-15 12:59:08'),
(278, 'Raymond Reichert', 74, 'In natus commodi maxime non facere. Aut sed placeat facilis nemo. In repellat eius omnis nam omnis. Et quis neque laborum deserunt nihil inventore et.', 4, '2022-12-15 12:59:08', '2022-12-15 12:59:08'),
(279, 'Elisa Miller', 15, 'Dolorem accusantium perspiciatis quidem debitis enim. Dolores accusantium molestias debitis vel quam est voluptate. Enim rerum et dolor repellendus. Iusto et fuga voluptatum repellendus id. Quia laborum voluptatem ea vero voluptatem.', 5, '2022-12-15 12:59:08', '2022-12-15 12:59:08'),
(280, 'Gonzalo Wisozk', 83, 'Occaecati et aperiam doloremque cum laborum iusto consequatur. Ducimus magni et occaecati. Voluptatum ut ut et.', 3, '2022-12-15 12:59:08', '2022-12-15 12:59:08'),
(281, 'Prof. Kurt McCullough', 50, 'Earum quia ducimus vel voluptates. Ut quasi minus autem quae voluptatum. Voluptas minima cum voluptatibus voluptatibus.', 3, '2022-12-15 12:59:08', '2022-12-15 12:59:08'),
(282, 'Isidro Wunsch', 36, 'Et aspernatur sint modi reprehenderit itaque qui repudiandae. Cupiditate reiciendis ut porro dolor voluptatem corrupti. Numquam quo dolor non est reprehenderit praesentium ipsam.', 3, '2022-12-15 12:59:08', '2022-12-15 12:59:08'),
(283, 'Elissa Hodkiewicz IV', 67, 'Eligendi distinctio in non aut. Dolores facilis est maiores sed. Repellat earum omnis animi aut corrupti totam.', 0, '2022-12-15 12:59:08', '2022-12-15 12:59:08'),
(284, 'Mr. Furman Boyer', 20, 'Voluptatibus sit sunt placeat soluta dolores. Est delectus atque quos architecto. Eligendi voluptates molestias rerum non omnis consectetur officiis.', 4, '2022-12-15 12:59:08', '2022-12-15 12:59:08'),
(285, 'Jett Swift', 51, 'Praesentium temporibus beatae impedit omnis perspiciatis quis ut. Aut sequi nam fugiat cumque. Officia blanditiis facilis voluptates recusandae non nihil. Facilis consequuntur sed facilis voluptatem.', 5, '2022-12-15 12:59:08', '2022-12-15 12:59:08'),
(286, 'Napoleon Orn', 9, 'Id deleniti rerum earum beatae. Commodi aut natus aut veniam modi voluptatem dolorum et. Maiores facilis explicabo quis quam quia quidem consequatur. Explicabo sint reprehenderit cumque sit est harum.', 5, '2022-12-15 12:59:08', '2022-12-15 12:59:08'),
(287, 'Jennifer Gaylord', 53, 'Fugit qui qui illum omnis quidem quia. Voluptate facere qui totam vitae voluptatibus. Expedita fugiat quis consequuntur accusantium assumenda cumque molestiae dignissimos. Atque ducimus minima consequatur dolores. Non sed et tempora ab.', 5, '2022-12-15 12:59:08', '2022-12-15 12:59:08'),
(288, 'Willis Frami', 84, 'Facilis voluptas autem voluptas. Assumenda quia voluptatem et esse quae harum. Dolorum sed id veritatis. Ipsam temporibus qui expedita earum voluptates autem. Iste sed molestiae repudiandae omnis repellendus nulla.', 4, '2022-12-15 12:59:08', '2022-12-15 12:59:08'),
(289, 'Piper Schaefer', 71, 'Aut tempora delectus esse perferendis blanditiis itaque et officia. Id maiores ex incidunt corrupti illo sed. Nostrum rem non magnam sed ut corrupti.', 4, '2022-12-15 12:59:08', '2022-12-15 12:59:08'),
(290, 'Prof. Frank Schmidt MD', 98, 'Saepe voluptas aliquam voluptates quo eveniet eum. Consectetur occaecati quisquam sed non. Molestiae atque sit excepturi possimus omnis et.', 0, '2022-12-15 12:59:08', '2022-12-15 12:59:08'),
(291, 'Meghan Klein DVM', 28, 'Ea dolorem cum qui non illo itaque sed. Vel omnis est aut ut qui et aut. Et laboriosam ut necessitatibus vero ut.', 1, '2022-12-15 12:59:08', '2022-12-15 12:59:08'),
(292, 'Prof. Abby Leffler', 33, 'Distinctio sint deleniti delectus ipsam eligendi. Dolorem veniam dolores omnis adipisci vero consequuntur consequatur. At enim et vel nulla numquam voluptatem. Non sint laborum pariatur doloremque.', 0, '2022-12-15 12:59:08', '2022-12-15 12:59:08'),
(293, 'Gregoria Kling', 99, 'Error rerum assumenda in alias doloremque non doloremque itaque. Ipsam cum et unde odio voluptatem temporibus. Adipisci expedita itaque cum sed facere itaque laudantium distinctio.', 2, '2022-12-15 12:59:08', '2022-12-15 12:59:08'),
(294, 'Keenan Crooks I', 57, 'Dolores eveniet est modi non dolorum quisquam et. Illo culpa amet reiciendis aut aut omnis ut et. Est suscipit et aut consectetur provident minima. Veritatis ut dolores optio enim.', 1, '2022-12-15 12:59:08', '2022-12-15 12:59:08'),
(295, 'Ari Greenfelder', 72, 'Tempore asperiores ut aperiam consequuntur vel. At molestiae nihil cumque libero nisi. Quia possimus ad mollitia ut dignissimos qui.', 5, '2022-12-15 12:59:08', '2022-12-15 12:59:08'),
(296, 'Letha Aufderhar PhD', 22, 'Ducimus ratione nihil pariatur sint quas in quis. Corporis est sed et aut.', 0, '2022-12-15 12:59:08', '2022-12-15 12:59:08'),
(297, 'Ilene Cassin', 78, 'Est aut in nobis nam id eveniet vel. Quas omnis delectus sit. Saepe eligendi nobis quasi numquam harum laboriosam consequatur ab. Laboriosam similique placeat voluptatem nam id ratione.', 2, '2022-12-15 12:59:08', '2022-12-15 12:59:08'),
(298, 'Korey Stamm Sr.', 96, 'Ullam officiis aut nesciunt illum et itaque sed. Sed laborum assumenda eos eum eum error ea enim. Eius in voluptatibus totam omnis et maxime. Odio et autem minus repellat illum eveniet sunt.', 0, '2022-12-15 12:59:08', '2022-12-15 12:59:08'),
(299, 'Margarete Runte', 45, 'Ipsum beatae ea voluptas natus rerum aut nesciunt. Praesentium ut provident aperiam. Fugiat culpa similique ipsam sed eos voluptatem magni. Aliquam corrupti omnis quam harum et vero.', 1, '2022-12-15 12:59:08', '2022-12-15 12:59:08'),
(300, 'Jovanny Dibbert', 83, 'Quibusdam eum quaerat rerum et non. Voluptas tempore cum alias est. Exercitationem corrupti molestiae aut velit iusto ducimus iusto. Esse et cumque nostrum neque suscipit quam.', 5, '2022-12-15 12:59:08', '2022-12-15 12:59:08');

-- --------------------------------------------------------

--
-- Table structure for table `users`
--

CREATE TABLE `users` (
  `id` bigint(20) UNSIGNED NOT NULL,
  `name` varchar(255) COLLATE utf8mb4_unicode_ci NOT NULL,
  `email` varchar(255) COLLATE utf8mb4_unicode_ci NOT NULL,
  `email_verified_at` timestamp NULL DEFAULT NULL,
  `password` varchar(255) COLLATE utf8mb4_unicode_ci NOT NULL,
  `remember_token` varchar(100) COLLATE utf8mb4_unicode_ci DEFAULT NULL,
  `created_at` timestamp NULL DEFAULT NULL,
  `updated_at` timestamp NULL DEFAULT NULL
) ENGINE=InnoDB DEFAULT CHARSET=utf8mb4 COLLATE=utf8mb4_unicode_ci;

--
-- Indexes for dumped tables
--

--
-- Indexes for table `failed_jobs`
--
ALTER TABLE `failed_jobs`
  ADD PRIMARY KEY (`id`),
  ADD UNIQUE KEY `failed_jobs_uuid_unique` (`uuid`);

--
-- Indexes for table `migrations`
--
ALTER TABLE `migrations`
  ADD PRIMARY KEY (`id`);

--
-- Indexes for table `password_resets`
--
ALTER TABLE `password_resets`
  ADD KEY `password_resets_email_index` (`email`);

--
-- Indexes for table `personal_access_tokens`
--
ALTER TABLE `personal_access_tokens`
  ADD PRIMARY KEY (`id`),
  ADD UNIQUE KEY `personal_access_tokens_token_unique` (`token`),
  ADD KEY `personal_access_tokens_tokenable_type_tokenable_id_index` (`tokenable_type`,`tokenable_id`);

--
-- Indexes for table `products`
--
ALTER TABLE `products`
  ADD PRIMARY KEY (`id`);

--
-- Indexes for table `reviews`
--
ALTER TABLE `reviews`
  ADD PRIMARY KEY (`id`),
  ADD KEY `reviews_product_id_index` (`product_id`);

--
-- Indexes for table `users`
--
ALTER TABLE `users`
  ADD PRIMARY KEY (`id`),
  ADD UNIQUE KEY `users_email_unique` (`email`);

--
-- AUTO_INCREMENT for dumped tables
--

--
-- AUTO_INCREMENT for table `failed_jobs`
--
ALTER TABLE `failed_jobs`
  MODIFY `id` bigint(20) UNSIGNED NOT NULL AUTO_INCREMENT;

--
-- AUTO_INCREMENT for table `migrations`
--
ALTER TABLE `migrations`
  MODIFY `id` int(10) UNSIGNED NOT NULL AUTO_INCREMENT, AUTO_INCREMENT=7;

--
-- AUTO_INCREMENT for table `personal_access_tokens`
--
ALTER TABLE `personal_access_tokens`
  MODIFY `id` bigint(20) UNSIGNED NOT NULL AUTO_INCREMENT;

--
-- AUTO_INCREMENT for table `products`
--
ALTER TABLE `products`
  MODIFY `id` int(10) UNSIGNED NOT NULL AUTO_INCREMENT, AUTO_INCREMENT=101;

--
-- AUTO_INCREMENT for table `reviews`
--
ALTER TABLE `reviews`
  MODIFY `id` int(10) UNSIGNED NOT NULL AUTO_INCREMENT, AUTO_INCREMENT=301;

--
-- AUTO_INCREMENT for table `users`
--
ALTER TABLE `users`
  MODIFY `id` bigint(20) UNSIGNED NOT NULL AUTO_INCREMENT;

--
-- Constraints for dumped tables
--

--
-- Constraints for table `reviews`
--
ALTER TABLE `reviews`
  ADD CONSTRAINT `reviews_product_id_foreign` FOREIGN KEY (`product_id`) REFERENCES `products` (`id`) ON DELETE CASCADE;
COMMIT;

/*!40101 SET CHARACTER_SET_CLIENT=@OLD_CHARACTER_SET_CLIENT */;
/*!40101 SET CHARACTER_SET_RESULTS=@OLD_CHARACTER_SET_RESULTS */;
/*!40101 SET COLLATION_CONNECTION=@OLD_COLLATION_CONNECTION */;
